trading_day,nav_p05,nav_median,nav_p95
0,207.5217,207.5217,207.5217
1,204.38475673168142,207.66895255039776,210.99575812472574
2,203.3267557567058,207.88365752478316,212.65139648549922
3,202.56343144777205,208.06537190025605,213.84160054555042
4,201.8208218080392,208.19951346942125,214.96407758250103
5,201.25513534744246,208.3426802624613,215.8642785160547
6,200.72102690816774,208.55269041123523,216.75056076164685
7,200.2949408262233,208.73235490092532,217.516829448597
8,199.87036521216316,208.90689604614988,218.326506479168
9,199.561236978662,209.0521021214072,219.06741276330328
10,199.22565376332585,209.19535087482387,219.80519572895125
11,198.78081708026954,209.3416630477755,220.69770947049747
12,198.54751505552136,209.51343731511486,221.42879083266098
13,198.15023358596912,209.58154177463075,222.12770647217584
14,197.90009481045337,209.87303383723003,222.92535596010106
15,197.6890036308354,209.93472695110177,223.6091094844995
16,197.47957654096442,210.10601946440374,224.08035508591402
17,197.39605410300257,210.23615770419855,224.712094805049
18,196.98188638709098,210.49168593865835,225.4334371846916
19,196.79041737862931,210.6989420838883,225.93761725636946
20,196.56957201580303,210.90901403710848,226.38316759784212
21,196.42898636774282,211.10148481787155,227.01880848631265
22,196.3791167304287,211.21921727992324,227.56174412853457
23,196.41641604956075,211.47343101350276,228.2451791879528
24,196.33183966117244,211.67800889553328,228.71066878674063
25,196.2549520810416,211.76974753579753,229.43017772763497
26,196.0346485334323,211.96923261634785,229.79988400512474
27,195.8524149251101,212.17389802585245,230.41073138168792
28,195.83656790919184,212.42107590299887,231.18720078267293
29,195.5264835821623,212.6098394722593,231.55972309100002
30,195.4337806311794,212.7015319396678,232.00018522572134
31,195.0102078453723,212.85984071138853,232.49442783333555
32,195.026343787701,213.08409758784478,233.0304400633701
33,194.8691365893473,213.17437325779065,234.00076278520152
34,194.683720779711,213.4172367991653,234.23256933023956
35,194.87521890406407,213.60354293889904,234.5253676700626
36,194.70386209384975,213.72667494079047,235.28997635474525
37,194.7641948861795,213.9208742924058,235.5014579925057
38,194.45662499972698,214.23590494996432,236.0341172091285
39,194.4506725312475,214.22565677281204,236.5463618616704
40,194.18562686547574,214.5264594160771,237.13256875366045
41,193.94691045688347,214.66427139864396,237.83934783264235
42,194.04985235698638,214.89183487510172,238.24347236455915
43,193.82292974817207,215.0177662302387,238.52718464940588
44,193.85169299254326,215.2226645144985,239.01806040665633
45,193.8633087453357,215.3101189437067,239.48716901914688
46,193.8979913451037,215.63143989611422,240.04113707221464
47,193.84901601509273,215.8727882648392,240.6475511180055
48,193.8604090716082,216.05879039350646,241.1380376820114
49,193.77001743517081,216.17220841269858,241.5433479857175
50,193.70730129101696,216.33208474667532,242.04839896965166
51,193.72324761838726,216.46806473401222,242.54953942317945
52,193.71423270668754,216.56086814230684,243.27716583767733
53,193.71169714520602,216.717506280581,243.68513174602893
54,193.68196642820186,216.907323889015,243.82014823816138
55,193.76024015015037,217.1645333482526,244.56623710883304
56,193.51490084936052,217.29357928364112,244.7175583119118
57,193.24122903436347,217.5274022813435,245.21767196524976
58,193.32806680398986,217.68672108371453,245.37889593686018
59,193.06080595269148,217.90330222750381,246.03092728589306
60,193.13551925633473,218.05193687893512,246.37226175118428
61,193.2779082755502,218.20409216310256,247.11650852558319
62,193.3246428442295,218.32878549094556,247.5028911392806
63,193.08926970422073,218.547399918869,247.8949693885762
64,192.90552119473492,218.70522963412213,248.53080786240494
65,192.9550779011947,218.77191847477582,248.71540923566604
66,192.9794197567977,218.98108485131047,249.11247809235584
67,192.94332837580626,219.08480975899712,249.51705570165845
68,193.05099437893608,219.2910635948245,249.8589159187268
69,192.94485614058874,219.43526939609887,250.43475201082495
70,192.8166713125016,219.70028559954113,250.72063926377908
71,192.62150114648466,219.91097458704945,251.40926561960103
72,192.71878830136657,220.17387988026593,251.65954329729618
73,192.59913165121708,220.35950740779782,252.16889463137773
74,192.4333241559275,220.5437343023594,252.53247820788147
75,192.29272147972148,220.82443454537463,252.66588390097945
76,192.27356633398384,221.12322592757147,253.2206228196038
77,192.71452073672972,221.2899511562249,253.80340817881023
78,192.57896866933248,221.4593934395874,254.1965618362157
79,192.5927350355489,221.72125199224251,254.58846970294883
80,192.39892047903,221.89584982998497,255.1560131413163
81,192.50074078654663,222.09224317435607,255.4975750472776
82,192.35577410766564,222.18233849975985,255.57119626962432
83,192.57226173615564,222.15089900294342,256.34096794254833
84,192.51666211465982,222.37948753069702,256.79491202987634
85,192.54430422538334,222.4677894895208,257.61735992780405
86,192.52144325997594,222.64379842467633,257.9589439742476
87,192.21695404314525,222.9627311811197,258.42828571287873
88,192.15896967072055,223.24714054574008,258.6349690136618
89,192.2307296405644,223.30000948022172,259.2017436999731
90,192.0924654478877,223.5232827263189,259.52372934412796
91,192.20809163851044,223.77552013611825,259.8845075878343
92,192.23853925469638,224.0826170931697,260.48626849298347
93,192.08665367150564,224.16494687295994,261.3603305389816
94,192.32648050901324,224.44908174836047,261.41337161722333
95,192.18088167186073,224.76489822915056,261.7758983287241
96,192.42215533738332,224.99172851424876,262.457874853634
97,192.5606598082607,225.1333503520828,263.02089235581786
98,192.29379897627126,225.26879251849533,263.11958341162654
99,192.31588212957132,225.54251939058113,263.9693571118878
100,192.64268640145806,225.77622535839225,264.1621203111161
101,192.41831034508533,225.9685187684749,264.8684002562651
102,192.58623993751698,226.11893199065372,265.1192351007323
103,192.2451569146218,226.34301236182426,265.91932852018755
104,192.37857789088696,226.49300599791843,265.87778481829446
105,192.43568990407837,226.7924352016596,266.4834085459585
106,192.53456734430623,226.8333426389582,267.0298542444614
107,192.78403223688386,227.12522598301484,267.31954849470316
108,192.47305855408177,227.30833539470515,267.7403788617554
109,192.80372036292442,227.51405144695843,268.3554882997058
110,192.9099830398232,227.68571993574275,268.8112091053858
111,192.72544629110575,227.81003071292872,269.2384742707583
112,193.10227465606823,228.18114309045436,269.8724444379772
113,192.7597955248698,228.27259775907407,270.46463182704
114,192.9298025674247,228.47152753513393,270.2993150146754
115,193.0361870506504,228.6194168319064,271.0606367205155
116,192.95090103211436,228.7574434921279,271.6137101869241
117,192.5555072354571,228.85772160204073,272.0902283255707
118,192.3334614327865,229.23486881400999,272.2903791203234
119,192.70133154573847,229.50424778836782,272.970847304223
120,192.6563346319996,229.54421158647338,273.0784456487281
121,192.69226235777072,229.9204251477824,273.5409385023213
122,193.00084909167177,230.127009778443,274.0115511149503
123,193.02660226061099,230.27898503590345,274.5078192176236
124,192.94381555045692,230.37293118067748,275.2484574373398
125,192.99658178619515,230.61336489099182,275.3909767807277
126,192.87703603693512,230.90568569596675,276.11243443525353
127,193.06816510171382,231.0755835291904,276.2300315572231
128,193.1378746860458,231.39436194588842,276.6807362125401
129,192.997005682003,231.51367466279734,276.50091022284244
130,193.21574039188212,231.72502282124003,277.15325045266394
131,193.48421548682302,231.8863160068742,277.5576863687093
132,193.4912931512128,231.98867383871627,278.27267629649674
133,193.6350464615928,232.38209270219005,279.1282253553364
134,193.95783734005337,232.4971969927031,279.36326904153816
135,193.53330500123306,232.63220697404495,279.93641888174636
136,193.7334141672684,232.6873832997866,279.7055803901709
137,193.6970210022557,232.98001188784792,280.1508795750434
138,193.4733518656814,233.25421755629898,280.7447586382886
139,193.6204731154239,233.42409675826048,281.45613554546844
140,193.8849863943436,233.5302244237601,281.71396802528386
141,193.679148240731,233.63656272571922,282.3234302071226
142,193.78786909182656,233.86181442093513,282.35468535640484
143,193.79799184118198,233.9173353463985,282.72561980221576
144,193.94908404863668,234.1678533327814,283.0964975884346
145,193.98953140512148,234.33679674642335,284.0182540077514
146,193.58247910159108,234.491575928347,284.15928502703343
147,193.95500431726862,234.63723904291692,284.44871266187124
148,193.72886529685186,234.85179656468347,285.07031406940087
149,193.8493010681675,235.0921561356247,285.13643148968373
150,193.97181525807784,235.33988596669315,285.3119870449651
151,194.12690906280045,235.53239971421038,285.90894698182353
152,194.30024692357608,235.8291709114754,286.64661933417267
153,194.3196827305102,235.96670030024592,287.23214066361174
154,194.41976224947945,236.34459746910915,287.06879499244315
155,194.3934437452759,236.5043782595879,287.61959798806726
156,194.3479430191404,236.6431163530303,288.1441149011798
157,194.1992313500571,236.96567980332392,288.78607337208945
158,194.3652690856133,237.15972771027816,289.0118875337969
159,194.22844479788665,237.31361948515382,289.54160694098397
160,194.58185598823138,237.5160640975268,290.32015060616305
161,194.7455588743006,237.70214866907202,290.8194248158409
162,194.50112325947194,237.90372861778332,291.1428932253937
163,194.52754381457626,238.13336452488696,291.7972977594084
164,194.8223412892196,238.2145626585594,292.14443112469195
165,194.8260903544573,238.4158049210227,292.7633588715965
166,194.86183148286256,238.71379591485785,293.0062356865174
167,195.17890094226962,239.1484366923803,293.1907557962277
168,195.13769235306708,239.09149640976335,294.03250660700144
169,194.82926788615043,239.29039941688586,294.30450639026077
170,195.1455781940094,239.55599411880647,294.98752798556626
171,195.66815999136858,239.4738582534852,295.68856384656885
172,195.28464387025411,239.74788754991712,295.987742928731
173,195.65295012492712,240.16805746686157,295.93962809940103
174,195.65058139845897,240.463025877829,296.3587141443214
175,195.21848087442336,240.72842435866275,296.45683279587416
176,195.59232196105657,240.87592468993427,297.019707132828
177,195.13718022040587,240.9002493168863,297.00467993714454
178,195.28916468364426,241.00001157053057,297.0416436638197
179,195.35306514819112,241.1265324041671,297.6841689736252
180,195.49165698035952,241.5498979177322,298.49091840182956
181,195.26609191694246,241.9854609972038,299.1928907371616
182,195.49357701673628,242.2836029764935,299.8697059981733
183,195.68699652132028,242.2919713302619,300.4386532555731
184,195.4854398568804,242.47739297461322,300.9274567584953
185,195.29630435223052,242.70935102769192,300.7838407217503
186,195.76965485037505,242.90379178788993,301.46869291935894
187,195.65014583320954,243.29405425377405,301.78589256016056
188,195.7589335131154,243.4139011239256,302.2564073306599
189,195.6565441700736,243.73051669199876,302.9342617851874
190,195.98544808801924,243.98713710387918,302.82711741555084
191,195.78471299746946,244.12431882006348,303.21799696514194
192,195.7960944743703,244.36650415950965,303.79701774410063
193,195.83479542277772,244.48757813027834,304.2027150769846
194,195.83685061503195,244.48084328384675,303.8650937697753
195,195.70634011500874,244.9635259167436,304.5326592401047
196,195.77295801878688,245.29283659636585,305.4529003513467
197,195.90028070034109,245.44270306645956,305.98498603369103
198,195.86362158267343,245.5912299351678,306.3161576358188
199,195.78973522395276,245.81425861933013,306.46518686439447
200,196.03407660189865,246.08076196873355,306.7770826704299
201,196.34905517580623,246.11360445340023,307.3377272930869
202,195.95212800032405,246.30835522090052,307.87539258491245
203,196.21869854720887,246.68283921840248,308.5125015104754
204,196.44499046190595,246.72351829634758,309.0065710295426
205,196.54282793126472,246.94901846982657,309.08952965463925
206,196.58606308688726,247.16036485003917,309.1902690422531
207,196.64591220184244,247.3265450684412,309.4983783501342
208,196.39396666960164,247.52435879836634,310.0926588336345
209,196.3208373445756,247.87943270020259,310.06922179444405
210,196.23009083654662,248.0506266315935,310.5253502023493
211,196.3052650532846,248.0846336100604,311.22377928067567
212,196.2097867248014,248.2852387779859,311.84253221009254
213,196.43966322302342,248.50498596392293,311.91854297238234
214,196.6483691487046,248.74263063021544,312.4146874029812
215,196.93623128301198,249.01962976933302,313.64499110346935
216,197.10229570862495,249.26373292792732,314.29418676787037
217,197.08749644739947,249.34230028446018,313.8267971455874
218,197.34183568467316,249.65729389084825,314.891905824659
219,197.22846170882255,250.05383644106604,314.92977333216396
220,197.6257599951061,250.0973271453238,315.46692712119824
221,197.29647276085163,250.31269557715294,315.6658544610321
222,197.28550901870844,250.3644831508123,316.33964836805006
223,197.8433949368296,250.30207997203328,315.99359419953487
224,197.7270054733318,250.66960145969364,316.55589813294466
225,197.75317101317907,250.833109518406,317.2755324976535
226,197.4366796802429,251.21943834425616,317.7563160115115
227,197.75331568745798,251.41235400914616,317.9160585214837
228,197.63722075452472,251.5919993328687,318.2909078311444
229,197.6176432549354,251.79939896845394,318.6502107058558
230,198.1116306755003,251.77292667072862,319.3157461132647
231,197.93576575716367,252.08604781656686,320.43660401742073
232,197.7476201241414,252.48702881415255,320.2569425291376
233,197.99872242955445,252.6269269981662,321.1439219229982
234,198.1559470164206,252.70089916594526,321.5542228755991
235,198.16369209919176,252.81332453009315,322.09438653071356
236,198.22456704694721,252.98988091062967,322.8755953312148
237,198.1940395581544,253.0306396218621,323.0874372584133
238,198.3153376233169,253.31236585167176,323.49237881284995
239,198.3829453904756,253.36543295686025,324.0957907904996
240,198.62955036034265,253.59180779394808,325.02721552051537
241,198.4284126339041,253.83581773231475,325.4150331478511
242,198.58277550711304,254.17542949471078,325.87157924467675
243,198.2694254708937,254.45018995271863,326.5781347160558
244,198.3284677451075,254.93817236484875,326.9549824875582
245,198.62438445190165,254.97859503740767,326.73490826550636
246,198.63047836880762,255.19142687095058,326.7227319066431
247,198.69132349032705,255.2405289008899,327.26170896697926
248,199.0905683004584,255.37184205694,327.6747802046081
249,198.53660263985694,255.30335993130808,328.67122700108325
250,198.79342826919475,255.7865561007597,329.16236484875697
251,198.93932932208,255.94082209699204,329.1742530242722
252,199.0195450934982,256.32893491095774,329.7585805753016
253,199.0578175223921,256.61349126031047,329.8291863889688
254,199.08184279330226,256.76156859583295,330.3180801524959
255,199.21921390665025,256.8158040809602,330.9463307342213
256,199.87398746202874,257.0517707330861,331.6197508877167
257,199.9782072839026,257.40487349736304,331.70117851706476
258,200.2257929248351,257.8586128562198,332.5231335632277
259,200.23325015569708,257.8125976526334,332.77491739812325
260,200.13531947477347,258.15846344442156,333.4748613260602
261,200.031249462511,258.25889228853714,334.2653602082497
262,200.38389982639694,258.45141702513035,334.15791270784337
263,200.27107001459416,258.87281911907286,334.9729752121297
264,200.2941355232881,259.12687973589027,335.65736990487574
265,200.00260693647087,259.3829333764209,335.4766062094387
266,200.32718559942174,259.78882138486404,336.2008774692573
267,200.231968478689,259.96689698846586,336.5186320371633
268,200.3376953963333,259.9429836601843,337.0613749853291
269,200.33593608908015,260.1113177997057,337.92372538469544
270,200.75680214223664,260.38028176224884,338.3863323000632
271,200.74829011380237,260.7440635683246,338.4734033058882
272,200.78012926737142,260.96421298072084,338.7957842516777
273,200.76200780599072,261.3544943943387,339.50999164962286
274,200.94615120103185,261.42723043826857,339.0392942614026
275,201.65559083056905,261.79637477933676,339.22869761054926
276,201.63996786915254,262.1274862564738,339.7276963474544
277,201.51511476059054,262.05104932590933,340.25655602712567
278,201.58410509914756,262.4063849607074,341.0730668459572
279,201.5214862472209,262.4963039166163,341.46156396435424
280,201.3501008400875,262.57409366358297,342.10799650472586
281,201.4232880945113,262.6926124769672,342.9259737387609
282,201.73546107725363,262.8347434285098,343.0430137517821
283,201.7773716425309,262.89644011424645,343.6566373022077
284,202.17900376144087,263.326133691936,344.15822131060713
285,201.96192406302168,263.69437058951,344.61526356062797
286,202.30296237158376,263.9093076979656,344.8242089492395
287,202.58516304059785,264.04692407639243,345.8288304215332
288,202.68034470486805,264.2563889533308,346.20134249203323
289,202.567500981115,264.64340426190313,346.355602703131
290,202.55763125997234,264.77133299565895,347.4951544072906
291,202.65136010460193,264.88929871503336,347.914926343289
292,202.4930413772459,265.2873041095397,348.223927900561
293,202.69901456184547,265.12166577579353,348.4582563982583
294,202.68035196968452,265.6649248312244,349.3567966737931
295,202.94983127677094,265.57928406809526,349.6353746039018
296,202.8346047240469,265.80230316601376,350.77408554076226
297,203.14939113384034,265.9746043882812,351.318971628622
298,203.03258507373056,266.1751721342431,351.6931015681824
299,203.13479290284172,266.5128303121783,352.1629618116467
300,203.33967295785368,266.64752138606866,352.4928812564859
301,203.15085665824273,266.6436782085386,353.0705791792494
302,203.02290515750397,267.00380805061184,353.6644541361135
303,202.9473741307609,267.3300437771204,354.6206395952685
304,203.2025928533551,267.64964743633686,354.4733170354932
305,203.25853040552306,267.9522445358772,354.65087482669946
306,203.62026609384893,267.96953199691865,355.28362895711456
307,203.44096226159527,268.0020545234813,355.42358136386343
308,203.87959461253152,268.5379139162176,356.1352482718592
309,203.6496168462331,268.78052233947454,356.26352102841304
310,203.68304615351826,269.1362147067173,356.6599239966673
311,203.932899538199,269.3177407394677,357.01006841084677
312,203.9294924935028,269.8493378388893,357.60023717162863
313,204.3286487351869,269.8629500600284,358.1293581738997
314,204.2891230759721,269.9403847998335,358.9641232770437
315,204.09187175940409,270.58598641122916,359.3553692115885
316,204.6084442071683,270.77800322473786,359.2388864663631
317,204.94786752070874,270.9308929163964,359.76984323090784
318,204.9146096042547,271.26443427652146,360.2749347570005
319,204.79789230259908,271.6122466580487,360.8911353706763
320,204.77271076456054,271.7753902455984,361.3902524559506
321,204.83199300134203,272.05058423532137,361.6330922495318
322,205.17318939633716,272.29207295291496,362.8179373273819
323,205.30223686241084,272.58632236897523,362.8726091074712
324,205.69633737085397,273.077880919349,363.620699383085
325,205.95582675545498,273.19745626053134,363.95469145897744
326,206.11021254540316,273.5199361764921,364.57652334286564
327,205.95992454687524,273.66501899409343,364.70160862517946
328,206.36033221810874,273.70278406160605,365.27398243496776
329,206.57716266405654,273.9628283035726,365.76136059452983
330,206.48580499048865,274.3216579227401,365.28547033319535
331,206.38610066402137,274.31583193961023,366.40566101844
332,206.2929304693694,274.6835310706997,367.0892300698427
333,206.51307862746566,274.68579032985303,367.65944709965714
334,206.45908275305175,275.0884051166935,368.084831605831
335,206.64434309527948,275.3079297433963,368.6779343835228
336,206.87923189722196,275.652851222809,368.73668310744864
337,207.08418798003387,275.83465581102104,368.51487631688815
338,206.81018292110278,276.0676737748371,369.13815813485735
339,206.8886756978557,276.31378673509516,370.3065024037542
340,207.29820815542152,276.4331057265415,371.0370833034415
341,207.12700792529276,276.7694709581367,371.6051842807447
342,206.9992135658767,276.9908602529367,371.4177800890804
343,207.15562195998103,277.12894042316066,371.4331978151307
344,207.08847058989858,277.1991896651746,371.6204158492789
345,207.6273430918888,277.4568013853776,372.20797554945295
346,207.51018246901026,277.6932269798484,372.4770287665709
347,207.52691768133832,278.0408069372469,373.4174378337779
348,207.997024328762,278.53337721109665,374.207494774988
349,207.90190812448532,278.6042028272842,374.740122038632
350,208.05718811028441,278.8023826053843,375.4846083523308
351,207.87264290719284,279.06146390455865,374.33475183336014
352,208.21194379843155,279.04693202756914,375.24653105818606
353,207.95084816716,279.49601749796705,375.32912813855444
354,208.01709416143026,279.42809241715327,376.26645179978544
355,208.15249619743057,279.8196548861628,375.6680500316819
356,208.22883991882597,280.08957069073415,376.37711184709764
357,208.25101833868482,280.048828766185,377.3177674626703
358,208.3686268046012,280.3129201156549,377.42550716513256
359,208.35950438703105,280.50703570986605,378.43208260392515
360,208.39573841389972,280.8250903559108,379.3854267469674
361,208.48129799602424,281.2836550207131,379.97314566243296
362,208.63435649951376,281.4043586270756,380.26615960470906
363,208.65556733801435,281.98041846037086,381.17422083362897
364,208.70623553304762,281.8260742658237,381.42682865626114
365,208.92906789956288,281.9761107567705,382.3448736417203
366,208.8075508945022,282.3719955042384,382.139076108428
367,208.63727368087237,282.5459697383626,382.2946223045976
368,209.1554536745921,282.84609326252223,382.84258444367435
369,208.91866782997994,282.99025930767755,383.54634870516986
370,208.94747790570432,283.1943704488883,384.0058783029026
371,209.07082761263234,283.7981625722987,384.4983333305544
372,209.02751493426067,284.19889852356204,385.82684898261357
373,209.19191046613662,284.4530291946236,386.5844519932409
374,208.92869567971215,284.82228884054507,386.3942510523759
375,209.37060340097267,284.9193321921372,386.904240654701
376,209.80541986293778,285.0752710650122,387.75640484748396
377,210.06560127313438,285.5133966478586,388.3665750861059
378,210.15196544431612,285.8546297693737,388.6779987990492
379,210.16346271709412,286.06849682856125,389.6015103754462
380,209.81231910257898,286.27358962260377,389.6809347206386
381,210.15352120325667,286.203098307272,390.11831276333726
382,210.1817492509383,286.3876000786844,391.0077184914699
383,210.64499243334384,286.80391141607606,391.260198397186
384,210.66452378534544,287.05541020424494,391.68678714550293
385,210.92400124805835,287.2348400242049,392.1386161816193
386,211.16151507899735,287.48170781103363,392.7504398001227
387,211.2761131333245,287.53452021110553,392.98902445926115
388,211.42519326463955,287.73596221310163,393.88981373107316
389,211.24759388436257,287.913933466814,393.8055669810793
390,211.95831493238038,288.3140678917377,395.2204048405464
391,211.3167614271348,288.6322256340742,395.40217700526864
392,211.2215715485046,289.02792000709803,395.7350471947618
393,211.4943522005008,288.92677398627825,396.7133037128864
394,211.35870774549767,289.3353096718364,396.4952908757114
395,211.7205275296464,289.80362531253235,396.3134167701511
396,212.19926761478902,289.92107231117154,397.6886900522689
397,212.506437299731,290.1433444489153,397.6645947838484
398,212.45487480338707,290.46156932727916,398.7281369920938
399,212.4978770848646,290.7007617225985,398.4728709401839
400,212.25413101585798,290.9402549558039,399.8637379602305
401,212.60568760715967,290.86839025363497,400.62444934524666
402,212.21457085726848,291.34246497964443,401.6325563406396
403,212.35513364407507,291.3295603230279,402.16822775856605
404,212.41294536462087,291.61012160551286,402.2274468815385
405,212.57162720788855,291.74768482943443,402.48382286989073
406,212.42413202491244,291.9507710169248,403.09234984695166
407,212.72320347617284,292.0818258296954,404.23409994953
408,212.89752815705097,292.51143789294434,403.8247379286717
409,213.15912293915048,292.6256023891066,404.61430104737616
410,213.07960894031265,293.19402726989586,405.4179660304785
411,213.35394993756537,293.44346380634437,405.94986879756857
412,213.05418245025604,293.36740539124276,406.7143857086532
413,212.85769313013773,293.68496360264726,406.5571448724318
414,213.217103087375,294.1109140504875,406.34776382090223
415,213.50737618784402,294.49547034701254,407.59044700597445
416,213.7922867507878,294.5284524615766,408.0505429869078
417,213.97270809979503,294.84581108390034,408.70462221043874
418,214.11802246943253,295.2126991499727,408.70039378654764
419,213.94341471676412,295.56987811041824,408.14478533109633
420,214.28248295823036,295.71439426457187,409.0296404086251
421,214.56657820602788,295.78824006779917,410.3307306262191
422,214.27643601538315,295.88951655688703,411.30284186743825
423,214.3484360329923,296.11240355113017,411.2146021505132
424,214.32648109194503,295.9992498186922,412.24773609223206
425,214.80249107566488,296.42563161485083,412.79174096551515
426,215.21163017654754,296.74058464882523,412.95858800747726
427,214.80132146708564,296.77687530588753,413.29310158001164
428,214.71554171866933,297.155750563011,413.5649463783122
429,214.95944483513344,297.4200400970767,414.01101643460584
430,215.03726625775565,297.72846243497617,414.95329391787857
431,215.13101829205124,298.07149166126135,415.4887137439045
432,215.43692800290822,298.08746165707953,415.6038529992442
433,215.91004659111888,298.6156736539127,416.39039564130854
434,215.74139102446745,298.5414372003311,416.300509304767
435,215.59119368385942,298.99353226749486,417.0363439782911
436,215.52506633592765,299.5574055417085,417.23046990847394
437,215.86649014964323,299.6185031739943,417.82183575252117
438,215.97797558066668,299.9706346831018,418.1074635128129
439,216.04960886584718,300.224640307045,419.26735765751965
440,216.4627595244763,300.6618978408761,420.3195325068078
441,216.60275039478535,300.5086388614143,421.07634028856774
442,216.495910777972,300.7604075774751,420.9273284835396
443,216.64750611140923,301.1018745504002,421.8971306783826
444,216.49604553915648,301.3232936237498,423.49716056758376
445,216.3446724224428,301.3751423537145,422.550044969569
446,216.03464139158152,301.5782857067111,422.9718282931156
447,216.29724417195487,301.943182436671,423.01760362946214
448,216.50756812005392,302.13632439272646,423.65611155904037
449,216.81501673829644,302.43705300539983,423.6644307107197
450,216.84859817406348,302.8605884201487,425.5185787745759
451,217.18142557609806,303.1112207279134,425.54158216638774
452,217.28953644866394,303.4485855742814,425.18645581949687
453,217.55855528585843,303.85038496162144,425.54576811444383
454,217.8552274729449,303.98631499607745,427.4510727564041
455,217.92947081488265,304.2232096478749,426.76046015590845
456,217.75705374753875,304.2688195046193,428.1277478791535
457,217.62190493190104,304.79072660869053,428.07861850623533
458,217.5537916792184,305.1573453120512,428.5050882970893
459,217.88085799040167,305.1325760632198,429.00020470837194
460,218.21503646259583,305.88967763542473,429.0441029382199
461,218.48452770844682,306.01318272013395,430.0960301433063
462,218.94630982491904,306.0707094645466,430.3129113367567
463,218.34704877741422,306.2820074188917,431.1230838107812
464,218.58485516977103,306.771147861013,432.022455562565
465,218.79230498167342,306.9380556880084,432.43892418760487
466,218.4813005922533,306.94662420932445,431.9698949281694
467,218.54403817538383,307.22551166643495,432.1612881749657
468,218.48483692879344,307.88799257372887,433.0956099856974
469,218.49376518607957,308.27946424085064,433.13725609231295
470,218.41743131701415,308.2837049003987,433.63663444399714
471,218.8539592318102,308.6422337057436,434.4592503788711
472,218.5699164752947,308.3658926176761,434.9258149743015
473,218.8671015096619,308.838305515127,435.30070070891287
474,218.83557909053306,309.03859047334765,435.99763964287297
475,218.84611484163742,309.3770743019524,437.2921443494131
476,218.75753708105367,309.37504243551086,436.88317212491876
477,219.03480953737196,309.5701209296858,437.93270956805793
478,219.30953236498098,309.69355855564925,438.4423824592122
479,219.46469535614085,310.14164798445483,438.65813155472483
480,219.21465556151404,311.0879261309857,439.5669128216924
481,219.32506423286895,311.01829747297825,439.798637178392
482,219.36347305773688,311.3586386028981,440.1125762451883
483,219.44872289585794,311.5912814267215,440.0139029180919
484,219.18575624846176,312.1104532674209,440.8857617782184
485,219.24268361768836,312.0384373498124,442.01074055807
486,219.2870162721034,312.2309956991149,441.72127605059137
487,219.078604152528,312.55271151579973,442.314420757273
488,219.42187572340404,313.1631050264245,443.93969449709397
489,219.63041203055312,313.12189952929174,444.0839403478316
490,219.85644672716904,313.6635495398102,444.9178848534245
491,219.78223972669704,314.0549876935471,444.7936993937678
492,219.7440960731199,314.057164073692,445.84845101995
493,219.91466589842315,314.68988909849156,445.8978250451556
494,219.67625394395432,315.0220448771193,446.13998582824445
495,219.29694236965466,315.38399782866134,446.6809232606608
496,219.6344493167516,315.608777170047,447.2763974831777
497,220.2344094807299,315.63463291093717,447.8161222050839
498,220.54144060536285,316.3043143251596,448.3791485972923
499,220.99212204324073,316.3380655263776,448.2957731519154
500,221.5278389264251,316.4137033059421,449.8272020037976
501,221.9153344833271,316.67935490246305,450.30582273237076
502,221.75102649015784,317.1539648097776,450.5143743704695
503,221.9135460492938,317.1498836847815,451.4450360550021
504,222.05898032202683,317.8042265159951,452.29624832824584
505,222.15737703277526,318.18356571338677,452.5211224202106
506,222.39379825750376,318.4487236302647,453.54122396279973
507,222.1325566031681,319.0047210181507,453.9350637470239
508,221.8928668555892,319.1923918682513,453.9129363917617
509,222.1325387810736,319.2678292766007,454.68060582943286
510,222.12832245352377,319.54375428189945,455.8552877379809
511,222.65806975386025,319.70976090650754,456.46210932482956
512,222.72800496600652,320.05721637755005,457.5445320946933
513,222.79661046739514,320.4325436371205,456.94348842897
514,222.84403690343538,320.7798862457346,457.45613355449353
515,222.91002565226867,320.902070505857,457.26210422646056
516,223.2243404247981,321.30440166881965,459.03841833931864
517,222.91746757662187,321.73695816783004,459.34513960070353
518,222.98954970155825,321.49895855424097,460.74898674829734
519,223.39292134810225,322.1066378555464,461.29819215276365
520,224.24329252335144,322.60318928012987,460.8587793996535
521,223.94756159422622,322.83762748722074,462.0106928376782
522,224.31881815993844,322.8806223548422,461.2315673874242
523,224.05438679064034,323.29618210498836,461.1724727729687
524,223.94141267534087,323.43943662091664,461.9208061252118
525,224.13844151826405,323.3644858884712,463.0497891019484
526,224.3762464357681,323.98817323277547,463.8500686523624
527,224.32093331751736,324.0791019411614,464.62054295095004
528,224.65454808281493,324.45329981163576,466.127341622392
529,224.88698330433704,324.823041725626,466.44654986941737
530,224.61758231760635,325.2060696939367,466.61391135661336
531,224.91911120152298,325.1909971701086,466.8030829053089
532,225.142517244927,325.3901699850897,468.0166035752382
533,224.8604532391915,325.5852703333601,468.3147720344444
534,225.08474755295035,325.91176805411425,468.07514282827134
535,225.3499450197282,326.0822158134131,468.3315291317838
536,225.27057200290807,326.2433733104208,468.81320768276635
537,225.6984042667252,326.79289606815587,469.29298916984015
538,226.13793301879213,326.8587024854245,469.49512071578374
539,225.79238814369933,327.6472504781513,470.06362469199115
540,225.9367397443191,327.5498914735141,470.9643362800382
541,225.7066177564818,327.9482664216267,470.6991662592963
542,225.89303499609966,328.4783856252995,472.6783029107334
543,226.0640813614234,329.03978024002225,473.3788785700054
544,225.90340192533108,328.95511837695983,473.3427354027773
545,226.15288328970988,329.13139222625034,474.67323100035327
546,225.6347153870417,329.3234595751712,475.22297106943415
547,225.84081444936723,329.6696575515752,474.81260892888884
548,225.7331493952537,329.8284164313757,475.8523663038186
549,225.9812675598556,330.20035444596783,475.86554225420366
550,226.00425105068607,330.5296382834723,476.8588756724105
551,226.26234515670893,330.68788771549407,477.36367502984285
552,226.10258105393285,330.9950060568327,476.9214636029873
553,226.37711451387403,331.14870650146884,478.3491505674606
554,226.5385230556204,331.49326351381734,479.25534424210844
555,225.9831861093689,331.9414515716911,478.950952072024
556,226.26458515725176,332.1431768319983,480.5546934573308
557,226.35557446204658,332.37227446740053,481.3946679190803
558,226.34562444075968,333.10245055550945,481.3810827182708
559,226.4075349863561,333.2478930270262,482.0864698958148
560,226.69398419992837,333.2217485416038,483.1013660826931
561,227.33321422170414,333.4700772911585,482.8912770354692
562,227.55964702749915,333.92238563480083,483.8198944405621
563,227.01823999983264,334.18733158805185,485.0675390576486
564,227.1335713028602,334.2615980444035,486.35501783467333
565,227.98936166402476,335.0243117240607,485.8256164898379
566,227.77294685940433,335.0314753278832,487.0542720981499
567,228.07964561649194,335.5392081255604,487.8279048641553
568,227.7497778026445,335.77659581066473,488.48103655404054
569,228.17282470014717,336.18878555069074,489.23787299039833
570,228.21048986547356,336.2027244105416,490.0290521402824
571,228.3715656568951,336.35500123896657,490.801924982682
572,228.34507604746537,336.44498971694685,491.82480085980427
573,228.02647671362527,336.4334493816168,492.51659445947433
574,228.4158731364627,336.9509406711219,492.9694797786318
575,228.53224060454778,337.3834171804358,492.425555917316
576,228.37855194876855,337.5872793502378,493.7843926272918
577,228.88992743035325,338.1843110199093,494.5002836376557
578,229.1826655248357,338.31228524098003,494.7708047227492
579,228.78456981072893,338.5200285221629,495.0730792170283
580,229.34729851673157,338.73369041206024,494.36477251938703
581,229.63930089572344,339.054978825567,494.2441483937385
582,229.3251882973728,339.38248244618103,494.333789041722
583,229.9390918494453,339.71824435471166,496.06795894948374
584,230.24616247573513,339.62875206806837,496.20255125268807
585,229.915796949729,340.3131562981923,497.3839761746867
586,230.32419447848116,340.3536112930602,497.58726637889805
587,230.16925298412878,340.52694332721717,497.8747210759394
588,230.1127122182862,340.4939849896384,498.4409789634195
589,230.24018231531292,341.0870821579347,499.2392594771388
590,230.07639995783882,341.4735401695162,500.772522567485
591,230.56262455680124,341.5536502881657,500.31867471114253
592,230.93853524337672,342.1707882561451,502.10749469259525
593,230.6023901238917,342.1889520415176,502.9096611936769
594,230.63218428564147,342.4714604507483,502.9760415994488
595,231.37518618666016,343.0813141918129,503.3838466212706
596,231.20830241786044,343.3853094590057,503.5684033715481
597,231.10223848086875,343.7738066714021,504.2058206782673
598,231.43377245651598,344.28587120254485,504.9547233538566
599,231.41954946164256,344.23452652075525,505.3530122810935
600,231.74157483581484,344.10358255966844,506.5079945208169
601,231.98214028160288,344.56993592223876,506.64703334972967
602,232.15979337375725,344.9137123883122,506.98164441634606
603,232.36782026355283,345.7206693306228,507.4011856374493
604,232.6171463204133,345.8724919050085,507.91975802564684
605,232.69986907358674,346.26306277294816,508.6809289985096
606,232.49969995145275,346.2982972715823,509.2282971420476
607,233.5549569862225,346.4749625120078,509.2316358599731
608,233.29358982132882,347.0636237653187,511.33057900038614
609,233.48827324920126,347.0757615291505,511.34284982332866
610,233.67983785031512,347.2808625637582,512.2840460218491
611,233.98860809676492,347.69172618907527,513.4450946146567
612,233.9699327846454,348.40422661399566,513.2261116822193
613,233.69646171397574,348.5351984618866,513.9790040806425
614,233.7993294176093,348.74043072512075,515.1805784446522
615,233.8324993669272,349.1608606808345,516.518226040568
616,233.82336296837687,349.8487056048055,516.8014861680924
617,233.7261417189306,350.3673122938426,517.3049007361457
618,233.59152007589176,350.58385212169367,518.201170417387
619,234.05935629704527,351.1273614024591,517.6427928512683
620,233.93243201455402,351.29699565053954,519.6391717686944
621,234.08707357608512,351.38370252806794,519.7418215270026
622,234.241193928387,351.4534495884752,520.4353461205599
623,234.35139135410338,351.9211365238727,521.9454829004777
624,234.97920288987999,352.3368145247962,521.4094223207401
625,234.75867553833305,352.4770363895153,521.3610115110771
626,234.81884726620405,352.68897806273174,522.5414680820592
627,235.1594781222614,352.6788012743432,522.1286032595616
628,235.4860060031787,352.9120034529514,523.2108643114143
629,235.97052799702942,352.950863287223,524.542539810022
630,235.3085041643711,353.1867463766214,525.6908092317622
631,235.18333147874318,353.45234574846756,526.3341689663199
632,235.7634660825297,353.50342510418557,526.090372999386
633,235.48272872949178,353.9820513631507,528.1537868257568
634,235.52236414564388,354.33054138124635,528.3027999809054
635,236.15577199861647,354.36784987480803,528.7653095728405
636,236.27199438324485,354.4220550527648,528.8918395149277
637,236.6877344761414,354.98493206357296,529.7255327934917
638,236.51542534886786,355.2462282090569,530.4019615346774
639,236.8197736679857,355.84835127746607,531.454817574218
640,236.88605512509332,356.1725100750697,531.9745144673955
641,236.9813548509163,356.8174438622543,531.4343634161401
642,237.59104760787952,357.07542430532783,533.321357539337
643,237.0516295287928,356.93090314308097,533.2007052245395
644,237.4522487950808,357.10024785655366,534.8142701720445
645,237.65532393452855,357.3949751150674,535.3047015780829
646,238.12815353577335,357.8939142937114,537.6136777364495
647,238.39125889380477,358.7277913297282,537.4134247571948
648,238.39162076445697,358.63661431610683,537.2964746999085
649,238.3689728595943,358.9146257677802,537.9537080162172
650,238.23643910658666,359.15102611305497,538.5679921671651
651,238.90511308785426,359.1724835767503,538.7860176582482
652,239.33561458738424,359.51075253039846,540.4867950111283
653,238.6650788692692,359.6214064790003,541.1573414312766
654,238.88491480522535,359.97667382336556,541.2431719088745
655,238.9339893225787,360.2975696222576,542.0757008283188
656,238.53295957368948,360.3038168911941,543.7844654646804
657,238.5473654069788,360.7289870976157,542.7574968842781
658,238.98572545006033,360.9969021929743,543.7412145678251
659,239.11983792722762,361.7961348544559,545.0638391501449
660,239.11903381186252,361.6497575135088,545.0442739404938
661,239.11178437553727,361.94877801202836,545.6970714472999
662,239.0560465309878,362.18206777651784,547.1937743557522
663,239.38421605309196,362.3918579332412,547.8396491198889
664,240.17211700718025,362.6882538858829,548.8039241818643
665,239.75940448749438,362.8796639952647,549.4796481392514
666,240.3185527824955,363.11755556311584,550.1256772020051
667,240.3342602485157,363.5402071779715,549.5831977613374
668,240.21742140558248,363.67467687750246,550.3989321424691
669,240.88369409470704,364.10961204967043,550.3214323962387
670,240.52988474214317,364.17222249685415,550.1548476907114
671,240.73763718617676,364.7866984535426,549.9401250010073
672,241.11807786051983,364.54195313586746,552.1411266875033
673,241.19392711893454,364.98529823260844,551.9978968412046
674,241.17252803672218,365.4891968620411,553.9922238604859
675,241.4212310488445,365.82508848120244,553.6820414062665
676,241.7840959208173,366.1039524378565,553.841909221853
677,241.96227347389294,366.5218564107853,554.4488099740468
678,242.54745047723642,366.3116812867353,555.9529059189633
679,242.68478326490091,367.15674654162456,558.1825103938263
680,242.45915775177673,366.79347404419923,557.8105079549944
681,242.29102303651976,366.7738404902676,558.3371834111426
682,242.08143794574377,367.502109967078,559.1770873458623
683,242.5168164812746,367.58445770691014,559.5791128603645
684,242.71319157026974,367.84882584524246,560.8271285206524
685,242.65579961663636,368.11892181964384,562.239574987717
686,242.80386776124118,368.7741189915308,562.0990802914924
687,243.0032049087544,369.1573149345851,563.1643468054518
688,243.0913386532743,369.5527697775408,563.5008974759967
689,243.042485590178,369.73081377067996,564.5770690384459
690,242.7922269886155,370.1270562400583,564.848849951527
691,242.8952900525201,370.3792668324046,564.6063422485546
692,243.28674474151964,370.8602031639956,566.2833160928325
693,243.45183507219124,370.95445739803836,566.7754147332076
694,243.63917885297082,371.3523678384907,566.6735926496102
695,243.73113390810227,372.1756155240746,569.4223733965208
696,243.59491924918444,372.5896308984122,568.2412642294009
697,243.5995153925506,372.5999972024281,569.236638124652
698,244.71620362778236,373.4153807001579,570.7648543619534
699,244.67663635351082,373.5825420989378,571.3996846714402
700,244.60610889410682,373.8602444029291,571.7209257697237
701,244.73444485745355,373.9911900169209,571.9112614753953
702,244.8625714969996,374.1990944435696,573.1341782060273
703,245.61486693773145,374.81068075918336,573.15947408657
704,245.11543832651094,374.83013853993486,573.313231702145
705,245.63983533459384,375.0112217396702,574.5751588556675
706,246.075892530466,374.97608017097025,574.170767906101
707,245.81813013757525,375.58083634099387,575.4709468566797
708,246.03918232821314,375.85034079678087,576.7779464934265
709,246.765868752553,376.12484997617753,577.0346843348699
710,246.8650950853992,376.98132119914726,577.4541128167342
711,246.58647667516627,376.88877312071776,576.8422241377517
712,246.8134108954155,377.24890318035466,576.6569014717476
713,246.46868669646173,377.49861375843136,578.2646579774681
714,246.39608623730038,377.4395648874805,578.3107200909244
715,247.08240052978385,377.8861674082958,579.0412995678231
716,247.9867148039461,377.7109712853387,580.8763558185063
717,248.54462196586803,378.4261108981566,581.0313547555307
718,248.43723793017188,378.6765714649012,581.3491649059315
719,248.0497342171982,379.03750557929436,581.5562178391917
720,247.68580184545328,379.2780529845253,581.8657095551772
721,248.21812325962875,379.31340047853286,583.1816253789963
722,248.25734566372833,379.23904809198973,584.8234408916218
723,248.83961536977284,379.85116803038966,584.6958662928643
724,248.25604276296434,380.2417798197326,584.160297055922
725,248.94026381177284,380.889928586436,585.7512726190456
726,248.9050896127804,381.4025966363448,585.9581886358442
727,249.58400392672328,381.20843535579525,587.0542216036449
728,249.3983241541142,380.84735996383165,588.3924669656003
729,249.44063245762388,381.5864423939504,589.84999580229
730,249.51134002609925,381.65347611363507,589.6202011321249
731,249.7239584368237,382.2739776913862,589.5370108249259
732,249.56969107301398,382.4599388458689,590.1770095382938
733,249.34557078018383,383.3731803860413,589.9357619766212
734,249.65828738873714,383.2437807088925,591.192199945063
735,249.44446631796745,383.6752198437307,592.1512142754375
736,250.29028604747825,383.76897609981734,593.5665469477075
737,250.0662661416555,384.2969738421559,594.0807855491597
738,250.4495996148137,384.2653212415913,595.6032686936102
739,250.66438455990644,385.43335442668626,596.279809764451
740,250.80771218490392,385.58593322288226,599.1751527257052
741,250.8438623494193,385.58515544505417,599.0663195576619
742,250.1905625907453,386.2699144542262,599.6702328194782
743,250.76322617609992,386.4685189265607,599.5902340518794
744,251.2224504017804,387.01887962346814,599.2115271515438
745,251.48370430026668,387.6722924022315,599.1087221912304
746,251.8068387213665,387.51391206644485,600.3680828202192
747,252.2589659902006,387.7016214859294,601.9439037990084
748,252.38024772602236,387.81768238653274,602.9341079240562
749,252.47724285280137,388.254954525827,604.51219923922
750,252.2260725850722,388.5864214228624,604.5900856199041
751,252.3324422409213,389.30510154192586,604.9471352931945
752,252.59372979158056,390.10070553206333,606.4328528713638
753,252.71059969807857,390.04941854801274,606.4873775791106
754,252.17013140049295,390.3212091881078,607.6552764590817
755,252.9806538627671,390.39812423635493,606.2131028441981
756,253.0180766292538,390.92516876294724,606.9494690454231
757,253.09451869864526,390.46373983847855,608.5613224782461
758,253.40110734981752,391.072626578271,609.7308785450483
759,253.39840021367576,391.2335648939029,609.7586631421321
760,253.44855812885956,391.47766985442104,611.2993807762754
761,253.21847607337244,391.93866825450675,612.8688753801168
762,253.15350959164255,392.58249397852524,614.453640727052
763,253.47479134117074,392.83119160094896,614.1939811324988
764,253.10363357285843,392.9897128562834,614.7751678111589
765,253.55494774553267,393.22436185360016,614.7473871038408
766,253.52481846303874,393.64069323726596,614.350214475534
767,253.7390279023769,393.9912214893077,615.7435339105419
768,255.292500477895,394.790577975862,614.9540246667485
769,255.18782726162354,394.8946364601884,615.338974683511
770,255.6531475180491,395.24382833130926,615.587117961096
771,256.1709831211851,395.5970199325203,615.8704732817807
772,255.14989006925435,396.05835307565275,616.9521006957714
773,255.59090484545862,396.1817839691141,618.2180493002868
774,255.95209023306694,396.4626959634565,618.3255307135851
775,256.39395859137204,397.1338072857336,619.921610805753
776,255.79859043393094,397.5579965133178,619.4432522770838
777,256.4613639085065,398.05739168425856,620.5136150722606
778,256.3813319678509,398.37283591518053,621.3151504164757
779,256.5019910486042,398.6573611952347,622.5563076918728
780,256.7542869017373,398.91385058036127,624.1504083564902
781,257.1150472092686,399.32431304432765,623.0775530009199
782,256.918789788428,399.4276105850116,623.6502547459062
783,256.5724332918525,399.31771452244334,624.8576672047377
784,257.10858493988655,399.9751112644003,625.6975116040275
785,257.0891182699683,400.4145051843741,626.9123128709944
786,257.42426719494784,400.9850442005861,627.4256852905172
787,257.46302325821705,401.27635624864104,628.1944469126378
788,257.4540848584621,401.60312122942753,629.6248256503009
789,258.0598177503465,401.9724659094894,630.5944182405025
790,258.03566016959434,402.2829473348093,630.4511542445913
791,258.53164882352473,402.50533483670216,631.1205432516692
792,258.9664488631277,402.74404686392586,631.0703194745623
793,258.69096855388756,403.43987803029063,632.5759478422684
794,259.5133777807978,403.6382887883909,632.5810648402006
795,258.8868879720807,404.04518222063206,633.7598779745111
796,259.3271165349971,404.3674239811697,632.9080536899944
797,259.25383057818533,404.92978049781095,634.7552778338688
798,259.7456574832477,404.8065395784289,636.723640258752
799,259.22229369157293,404.7476674716346,635.539443636462
800,259.4160616064777,404.8562634458368,636.1502364670258
801,259.92658517001627,405.67353649495146,637.1855660647929
802,260.30401217860646,406.0868690649337,638.2318701096964
803,260.14144594283033,406.0379577952863,638.7179020974625
804,260.2792246800766,406.59209693959343,638.0260896014063
805,260.3470880749461,407.0974982542899,638.8979761834715
806,260.7471384879821,407.4724979545481,641.7608428951596
807,260.6080825560723,408.11704854683893,642.1267078212744
808,260.9665074634106,408.3869947421547,642.9708720565501
809,260.88851249956923,408.5385319086088,642.790811095142
810,261.25244837775546,408.9742217578568,643.7265879842236
811,261.6278543782187,408.6435641582559,643.4723017142351
812,261.472196548895,409.47138421579734,643.8001351365665
813,261.8196808672709,409.5956320717636,644.6136571946083
814,262.0797695389633,410.43266062293844,646.182861535625
815,262.13017988924787,411.23886707372947,644.8801620708746
816,261.7614436262864,410.94415422941165,646.1211331786117
817,261.9778999083433,411.50468769971906,647.2079642984291
818,262.5944744924396,411.7589335176556,648.8539181545348
819,262.3553640368797,412.3891831627716,648.2962411600766
820,262.3144699996305,412.537487178666,649.7567293854617
821,262.5958532161322,413.067451924943,648.296537297141
822,262.6369871187615,413.3958529769681,650.7725823946845
823,262.3438632078307,413.7900163004183,650.739749412361
824,262.8399048032032,414.0981448108058,651.1981926805105
825,262.84869248297434,414.15980314019555,652.9676338256403
826,262.82738304020825,414.5470559243973,653.2483457406322
827,263.36275706886124,415.35136109412554,654.5071732179913
828,263.9581177811127,415.38219795512765,655.6339409810244
829,264.14249244075023,416.0169120377475,657.3851116209934
830,264.0869849569529,416.28568452637,658.4698633864948
831,263.8625999706981,416.42748921578715,659.3245387915737
832,263.8970259709596,417.0851730880855,659.4011545084093
833,264.53187072566806,417.6307516792533,661.0061645202888
834,264.4005082551736,417.05162459580527,660.5339486985798
835,264.0049756588738,417.6779387591873,660.4500506031384
836,263.836580269579,418.1552497781447,660.4521003411486
837,264.18498598411816,418.3361330261902,662.4060434318884
838,264.77819776407534,418.63632106013443,663.3615040895011
839,264.99699650568016,419.3237587119034,664.9585771779667
840,264.59266397732955,419.6060877481016,664.6230887260134
841,265.10355281224474,419.52625148700156,666.8639691038792
842,265.29779930396614,420.201592258889,667.9824041418707
843,265.8124148860827,420.29738692675556,668.4333303955443
844,265.7401997835368,420.5415327296899,669.2734851292573
845,265.8735280731461,421.0748847205764,670.827039079949
846,265.66802370085236,421.5906216867403,671.2937817119238
847,265.5835795105895,421.98966728221853,672.139657672351
848,265.85064096207975,422.07019657255364,671.8024364548077
849,265.87027635571684,422.48064798355267,673.0417621882394
850,265.5430512680155,423.17185788654456,673.675975960908
851,265.916768277244,423.82233929065524,675.728835405257
852,265.885957300214,424.33337432891784,676.7426310401064
853,266.6157489306992,424.3724100947618,678.267378367158
854,266.35014713603783,424.6485064095212,679.5223983623027
855,266.49139957671036,425.4361644695339,679.7383203075964
856,266.9130322937617,425.6544541221647,679.6741469922741
857,266.94798281718386,426.226717200538,680.9108556203319
858,266.78054485665103,426.323749488794,681.3203848507851
859,267.12211461855827,426.54318133259727,679.3280401950176
860,266.31363268551695,427.65476472065313,680.1497601921815
861,267.52501801590773,427.40508371456997,680.7729819113719
862,267.27360338994384,427.6505634548724,683.5043063192902
863,267.799307788208,428.28819526934944,683.7140217424479
864,267.3328765006513,428.3522153041108,684.5560346948761
865,267.73348069941613,428.8210741015049,685.9834797735961
866,268.844491261715,429.75031300166006,687.1756307571402
867,268.87869889678615,429.66868915637775,688.6517619849535
868,269.34548692721347,430.10856267597495,687.1230652149216
869,269.08871124556487,430.69240516767763,686.9909870575195
870,269.00571813006934,430.722082900015,689.079486767668
871,268.76596876857855,431.16978181895115,688.6377132542767
872,269.12887050940384,431.3436766116671,690.4846831639193
873,269.7534940230152,431.8725777449706,691.50865365243
874,269.71113270628183,432.36023137076575,693.0594835631429
875,270.12466341255816,432.9428874744793,692.0420355689982
876,270.37249150044005,433.0340724760387,693.2325796181761
877,271.24518187796895,433.3886776650098,693.9764044311895
878,271.25331334087883,433.75283278792773,693.610847588556
879,270.3281036610461,434.48574667351176,693.2923904146272
880,270.87839224455723,434.3803782435657,694.1880663590725
881,271.40684249647353,434.97911574300736,694.0656829007809
882,271.6479853770905,435.2529370377722,695.6120863049775
883,271.6377169906075,435.1884008242231,697.2698241835153
884,271.33088629786727,435.6656135687754,697.9553289957202
885,271.41427947020713,435.83004692029067,697.6583360923979
886,271.03322314737994,436.2428145067504,698.0562274372148
887,271.9698070925131,436.83969221848014,698.152083710675
888,271.95937163112364,436.8429077350605,700.4969232491812
889,272.7878325877115,436.6438807001708,701.5151843481447
890,273.3703443072076,436.952996127534,702.0816906788713
891,273.6425705539876,436.88666948940136,702.8475705757578
892,273.65924998039804,437.6705157935166,700.6043522274205
893,273.7517291413549,438.06933068981647,703.0913652232043
894,274.0170756823656,438.4793146305088,703.7175544674318
895,273.6086386898309,439.109182796338,704.0742000778797
896,274.0144278545198,439.87809375044094,705.8761754558782
897,273.8435251697492,440.5530412269752,707.5941493042399
898,274.1407422168068,440.2837451311566,707.1309939171194
899,273.96514596629197,440.8021859163117,707.1066592340512
900,274.2141252663685,441.15699462709495,707.7435669713195
901,274.4351560153311,441.7468163365254,707.6429763547337
902,274.1879481674222,442.07981400655433,709.7368706211842
903,274.4015980381961,442.5280550127036,711.6473492333059
904,274.9463160755076,442.54875502212917,710.8748999226444
905,274.7627323834103,443.2055654503173,711.6084299370625
906,274.86924341262795,444.11361576860537,713.4771241476635
907,274.6083831127377,444.2416699720498,713.10471257964
908,275.25123986967134,444.4470376148163,713.2397367273293
909,274.9973706727566,444.84920832016934,716.8835416004431
910,275.86173106203023,445.22057352178876,716.4468741078686
911,276.621211979359,445.4963963514441,718.8652397203699
912,276.0830304843576,445.8125401134178,719.1805679918906
913,276.6768171439051,446.0570743719679,720.6950076483186
914,276.1877633972966,446.4751457644606,719.958486694486
915,276.3540836680851,447.04790648841754,720.153071296002
916,276.6074970142605,446.81064452127487,721.018323923475
917,276.3888493489371,446.9044067440887,721.7349191907117
918,275.98630344753786,447.44449709706254,722.9119681051236
919,276.7587008793448,447.629146003787,725.1577258785311
920,277.1609257067545,448.19533380955096,724.2826959583705
921,276.98091491198596,448.7366993771741,723.6682742876484
922,277.5843726547843,449.295065792521,725.29681781289
923,277.00819241264605,449.7851013885554,725.8814318179743
924,277.4693760263724,449.7209150995447,727.6476608741172
925,277.26879103659564,450.13685371057045,727.4105579296688
926,277.7989533245813,450.6264673522569,729.898679595637
927,277.34129830619054,450.830220723626,730.9177070119782
928,276.978055496898,451.36864235614087,731.2603923167492
929,277.14748942896097,452.0168102979298,733.3088005291409
930,277.68745849661997,452.22131451249857,732.7009558696167
931,278.914624526197,452.47592133710464,734.8403370157779
932,279.15232623883145,452.97245520122885,736.1837358969309
933,278.73053970411996,453.22677982894834,736.97573383016
934,278.8914141402601,453.5014166510882,737.2189657778619
935,278.86027500236463,454.2254846460081,739.0836175837485
936,278.8174919991468,454.43478211836276,738.7976658207061
937,279.0366704087195,455.08261677365294,738.4570607910696
938,279.8486179623582,455.16620911339226,739.5479230711546
939,279.9892565447873,456.18535778349184,739.5407930895627
940,279.9175146485652,456.28587362160476,740.5092005231504
941,280.5586814284286,456.4175416175185,740.8402321857095
942,280.7806975412257,456.4799741693686,741.3651817291326
943,280.5220691929787,456.73779303917956,743.4464981642276
944,280.0767935850643,456.8798860955458,743.8607044118529
945,280.2412619211093,457.31575460203175,744.5485235042571
946,281.10767628412214,457.5788952530009,742.9363415384423
947,281.4892909448483,457.2827956942141,743.8015847194212
948,281.50858433166263,457.90027178941943,745.0597106293394
949,282.0637871542083,458.10055706557233,745.9013483476856
950,281.97729068850896,458.7724505944873,747.6925677321448
951,282.54700159474265,458.91500530101405,747.1514437735538
952,281.8697646477691,458.86864031705,749.5631594118292
953,282.2905210037553,459.91691427760594,748.3516439057219
954,282.36735417114994,459.5394125320337,749.3464736649903
955,282.29675563899525,460.04332375203904,749.9721074169038
956,282.6907839849197,460.4044051490866,749.9666298240846
957,282.70752181615893,460.87758665466475,750.6787972541334
958,282.71801668311355,461.0153588439572,751.1416738834814
959,283.0925924328427,461.29220084448195,753.9083952849409
960,283.1412175713584,461.8325292005934,754.6972379288441
961,282.39991230609115,462.3721368206464,755.8244836616926
962,283.1783645440748,462.7971043212981,755.3789426038012
963,282.2683990496132,463.19091944721947,755.693571640791
964,283.68157387203354,464.03054909654367,757.8667235084978
965,283.4986725487331,464.22560107525953,759.5304590890939
966,283.4817938500444,465.2050737445161,759.9354332225975
967,283.7715912592183,465.5170504628609,762.189547269719
968,283.95140160602864,465.69021969031087,764.2747227726834
969,284.1056243132569,466.32292531923696,765.9294236979733
970,284.25822965393183,466.32941340280945,764.7710846195985
971,284.8928906550558,466.772975784146,766.602120177609
972,284.15482222634336,467.1236255146091,766.8647154200282
973,284.42370358742215,467.1547762570284,767.7742055152684
974,284.4477750632313,467.64810539572017,768.7015882705987
975,284.5935718298841,468.18214973317384,768.5335755753413
976,284.60099783217834,468.11056451726245,768.3721538133435
977,285.4718966888525,468.7827950892139,769.4544204726074
978,285.88395075449614,469.18488101461344,770.4208209102243
979,286.46429587932016,469.49766394808694,771.644243873568
980,286.4366121190185,470.3363821980824,772.9991501114391
981,286.44629567754413,470.5839444292975,773.2067313589521
982,287.0453220232451,470.7679697362187,773.2162929340236
983,287.32618501302716,471.52430664356314,773.8966504409358
984,287.42337413640274,471.9337181235087,775.5445483039834
985,287.5651992624363,471.9315037959096,776.8420280592848
986,287.1959926858954,472.53927320994694,776.3678292164268
987,286.970977054507,473.202106264902,777.3568546374398
988,287.5800123653462,473.95594387389264,779.5713259697916
989,288.1284781637752,474.2058518566705,781.0024500669297
990,288.4695229408521,474.8160090003091,781.9640908171926
991,288.4924513823591,474.846496117153,783.3209565854249
992,288.635799834748,475.21113875698967,784.1084179330567
993,288.5232864853392,475.7641390166373,785.8612846072579
994,288.5489266662336,475.9870632821353,784.1968507709272
995,289.12453469132373,476.4423186444101,786.0692847542304
996,289.62031909943175,477.0705985874597,788.7828538561067
997,290.2343680557971,477.4699579142155,788.6839451316638
998,290.9251854403681,477.9075677231173,789.1820666845007
999,290.2359806049661,478.12770767625636,789.9200374570778
1000,290.70019481440187,478.374223106748,788.4920643398075
1001,290.8071811654996,479.2361872920808,789.9305947575122
1002,290.7149846356176,479.21443411407574,790.8420131608041
1003,290.27300746640975,480.24789834280216,793.8809408816371
1004,290.7514377212799,480.3741502532366,793.8627998444496
1005,290.80872014663123,480.4945409532037,796.0395007750056
1006,289.8850263457877,481.4391237399712,794.4869932252225
1007,290.709495217368,481.85284758989616,796.407620105437
1008,290.69508368465625,482.0999989486917,798.3143822092862
1009,290.5118955468793,482.4599193899255,799.4758882342178
1010,290.56478841570953,482.797089310743,798.8031493596201
1011,290.56892944766776,482.8626174100891,799.3144293885019
1012,290.8554400930819,483.62231063244,798.8868394734765
1013,291.71774143138254,483.85655982016294,799.257855385092
1014,291.590509501323,484.7881783829946,800.6890818856862
1015,292.0607155890195,485.2621957051348,801.8106062315074
1016,291.4321399918959,485.80681446113374,803.462204191842
1017,292.1367298545575,486.093330895951,803.8966642680485
1018,292.5434787466858,486.7700446797234,806.6273555811565
1019,292.0990467186253,487.22372337571426,807.4837337915822
1020,292.11477929414764,487.70470544838946,808.1441166925667
1021,292.41777489644045,488.06008806199816,809.196844202584
1022,292.94825738292747,488.28958328293544,810.3625414582526
1023,292.95045633322286,489.0869774301007,811.2477039277213
1024,293.5712062767526,488.84671777432106,813.1315085671805
1025,293.7915670848964,489.7112582266087,811.625502226003
1026,294.1177641103381,489.66852137137323,813.9162483168496
1027,294.2821680995348,490.4104455478324,814.0832041755405
1028,293.9553581981106,491.00269878619736,812.8186836285989
1029,294.172968216321,491.47216201454455,815.5330513668375
1030,294.4595952482611,491.5815069984776,816.7026011680622
1031,294.4118158860109,492.0303156640805,818.8107312900677
1032,294.7083091131818,492.44173778922175,817.6169350586398
1033,294.602383460594,493.1995097229857,818.5681363324043
1034,294.42912030192207,492.52793158635103,819.6887997297545
1035,294.7414145833022,493.6175825356279,821.8813227349381
1036,294.17486265199494,493.83304501187104,821.4229050781981
1037,294.4243506000894,494.41785354982756,822.3452029448982
1038,294.6412192581069,494.37970986234507,824.5722142448232
1039,295.4567011011651,494.45766016746256,824.3797715427592
1040,296.0153811093104,495.4061657099329,826.219191946206
1041,295.17661840717403,496.3116272251415,826.757886096235
1042,295.03477074092757,496.8178589389319,824.4236359145431
1043,296.3316750938152,496.64834429842443,825.2683031982501
1044,296.0634056957492,497.2795597198701,826.6230331138007
1045,295.9174663681986,497.64798912977324,828.4938934534046
1046,296.4119374449485,498.43539536745016,827.3810611070203
1047,297.11358048324576,498.5285373138454,829.2025534040337
1048,297.51815304844934,498.7331193755296,832.3397185522581
1049,297.32580667127183,499.1908576190457,832.2350399795924
1050,297.796807594659,499.9061361859416,834.6794883980406
1051,297.9638033139412,500.1106868963468,835.0416813060508
1052,297.15785561112637,500.5453874844368,838.9328946591813
1053,297.934101264921,500.62590447237255,838.1411303219637
1054,298.1717221790888,500.97623024092616,838.4453082570869
1055,298.6601799053448,501.55774271635346,839.971775677779
1056,299.2039816079019,502.1716185641892,841.4814809209968
1057,298.92667339730707,502.47251538663545,841.8316472957697
1058,299.01802575309796,502.3353281617339,841.2656883541623
1059,299.0803637462775,502.28995920231307,842.236717647421
1060,298.60838958064704,502.64722461279734,844.5665785860838
1061,299.45394464290104,504.0290863364265,843.6761215555458
1062,299.5986958846353,503.84740304760317,844.7192523439612
1063,300.26462318338395,504.5459978175909,845.9088562117759
1064,300.5049649594979,505.635833627044,847.1921298884603
1065,300.5235704283559,505.47558952836766,848.7556003352769
1066,301.02438074018664,505.914388673129,850.0580390236978
1067,301.0267175601359,505.6146010110747,850.1803865198124
1068,301.20291587555306,506.14009326218877,851.5753853780043
1069,301.4312975342272,506.9259991820111,849.9039896556123
1070,301.08474265584067,508.32296569744744,851.5451351144275
1071,301.62474012715734,507.94878969545505,853.0847121041007
1072,301.9726933686751,509.14397162707064,854.6964072179434
1073,301.4283480591892,509.34416696936205,855.5530838046897
1074,301.91379803413815,509.6135012662719,855.7086369114869
1075,302.21389165590654,509.88463631268576,857.9934347318738
1076,302.3079257257988,510.31507134816246,857.1253213226701
1077,303.3012057598078,510.738110984668,857.5563500661456
1078,303.7249007060509,511.50589009350074,859.0961161663961
1079,302.9094066809201,512.0230003888278,860.4804992310596
1080,303.2057353980026,511.7873533653619,862.5969655603259
1081,303.81972148309563,512.3526814478798,863.5679865929694
1082,303.74079284811245,512.2259674188379,863.969588572342
1083,304.14009687241287,513.7313104555279,864.1153825257267
1084,304.4177999559449,514.0230560640423,865.4294804658152
1085,304.2978045588055,514.6503618119923,864.4488080998501
1086,304.74830530798175,514.3670773973748,867.9467356403358
1087,305.1861463140418,514.9947419099398,868.1553326547948
1088,304.9725930991748,515.9653326323518,868.4089042758085
1089,305.4326627775008,516.0165215846595,868.5402767493341
1090,306.20029064023237,517.0184360686826,870.9776889497033
1091,306.0483448718201,517.255146490413,871.1299065855211
1092,307.2896585365949,517.212039691573,872.3542234755043
1093,307.0842577714692,517.9701680880694,873.0996518362308
1094,307.2961084206643,517.869182315522,876.0167567544624
1095,307.40518466315194,518.0779413345617,877.1439084359455
1096,307.47004618991684,519.131571697543,877.1922484546167
1097,307.23359897579644,519.7779357056526,879.0432373343509
1098,307.9784908107995,520.6258203959753,878.9301887191456
1099,308.2300416549077,521.2131721563484,879.546486099447
1100,308.9402507918493,521.5391889858882,879.9987791979901
1101,308.63663910621796,521.8421296679389,881.776433347455
1102,308.845648968112,522.5181833306999,884.693179667753
1103,309.28691951669697,522.4477458644649,882.9917503538987
1104,309.7590337589985,523.2429026259992,884.4790710703683
1105,309.4777011119844,524.2582853388449,884.5013306339512
1106,308.97211768721473,524.3280157704204,886.4501360755038
1107,308.9714605600318,524.5719468342838,886.4961986691285
1108,309.7251695516956,525.0293852520135,885.8795660698487
1109,310.34987635125015,525.1730951095922,886.8695469039403
1110,310.701162498475,525.8299355391389,887.8943295959704
1111,310.264922391381,526.2635092123262,888.7514603576824
1112,310.5551396720748,526.9115640891544,890.1313939522664
1113,310.1402055756566,527.0145479628503,890.5811077466325
1114,310.1998080114158,527.8442710152302,892.5264941396346
1115,310.59571256172336,528.222034389004,891.6497020229926
1116,311.0478171122584,528.1347447225221,893.703297122197
1117,311.21715288983194,528.3141975622705,894.473194123422
1118,311.3523860069752,528.9408114463736,895.4815701709109
1119,311.5069855537645,529.2328866660484,895.1995407568801
1120,311.4856007055455,529.7557654606277,898.0915111268288
1121,311.7144091956882,530.0326521540424,896.8332939360241
1122,311.89454282476305,530.8919098997801,898.5932179160363
1123,311.51701905093915,531.1519770995233,899.5341120933513
1124,312.73683477456024,531.6037907460188,896.4130519305493
1125,312.62598840574384,531.1519618649606,897.5097735796783
1126,312.48898206037893,531.5425296303342,898.144570115548
1127,312.26477399966603,532.3395886982962,900.4280196294978
1128,312.36803982076907,533.1700587813839,903.1261862684553
1129,313.5893841277303,534.0540487891053,902.7564105980514
1130,313.11488096137373,533.4606036609686,904.1803508162161
1131,313.25955994296214,534.5488138051892,904.2548151619126
1132,313.9942870730123,534.815162762432,906.0389017087368
1133,314.12335634999425,535.5482438354333,908.3302106978928
1134,314.31066555055486,535.2857508964237,908.7643065744676
1135,314.06115760364384,535.8998160570748,908.6824541879286
1136,314.655684869185,536.3186311891375,906.6612596252345
1137,314.42158905062064,536.7484015864737,907.9987704677874
1138,314.15900607964596,538.2362355679272,909.3213976235991
1139,314.3376336619878,538.3506095408352,910.8003312128578
1140,314.74206235955154,538.9445668439969,912.3356559618933
1141,314.86868750963174,539.3377233772677,914.9399226356007
1142,315.17333655747984,540.0350709114703,914.5117407459618
1143,315.37291525275134,539.8848819032371,913.3663995737837
1144,315.8188180981234,540.2988764056776,915.7872588426893
1145,314.9717540458943,540.5996216085969,916.5242775110202
1146,316.10206341510724,541.2042317008419,917.1765030545045
1147,316.129083328102,542.2260293987164,920.1763606340746
1148,317.05068403383325,542.4652043144346,919.5867730893525
1149,317.1649496544734,542.9636280052412,920.9984998029062
1150,316.82151774396056,543.7056777585458,924.7654809242811
1151,316.30582116555547,543.4212870830984,926.1938562832705
1152,316.90238711191586,543.9505820810512,926.5096499671525
1153,316.8759067861679,544.6555998142428,925.8916214998012
1154,317.0549525677138,544.1893607820984,926.1191864315189
1155,317.47951722252907,544.9726096064735,927.2128638429422
1156,318.75323954281606,545.9818968620434,929.3885688770226
1157,318.38290313171103,546.7939791178973,931.1652633765823
1158,318.0579218074605,546.8257123696474,930.7796881412766
1159,318.8348441620438,547.3332552319969,927.8845060001245
1160,319.4014753153073,547.5881280224297,928.3731341596381
1161,319.4250590201778,548.4001305719515,931.6179726284951
1162,319.78542555226875,548.9613628061031,932.6402508909056
1163,319.860297117351,549.8095558590944,932.6828507501828
1164,319.6060536967355,550.464886233012,935.4730465601323
1165,319.66387269378043,551.4613076896829,938.4779130008378
1166,320.3508563589292,551.51041092848,936.0137891982617
1167,320.5310790668372,551.733950874165,937.6100915764434
1168,320.56525373835404,552.4518681791237,937.8800200349584
1169,320.0865657341979,552.5030627790392,938.6994929114599
1170,320.9004137778769,552.8295350612798,938.3081288730657
1171,320.6655115825566,553.5959686276749,938.7899413650523
1172,320.23316131336725,553.9057613402144,941.3196631842962
1173,320.32077315476585,553.8800916082912,943.9763730157542
1174,321.09171801704707,553.7787433800185,946.3935642296389
1175,320.9007460783027,555.1332365855194,947.162199289597
1176,321.2628541186944,555.9568344617878,951.2990212029786
1177,321.33010751280284,555.9278279335983,953.2139008072166
1178,322.38731810497814,556.8987625772173,953.6527164418892
1179,322.36864071449884,557.2289912986523,954.6696247487936
1180,322.1808620954481,557.8917254439289,954.9759289878536
1181,323.14153947089534,558.2258846700056,956.0854358406607
1182,323.13138171042755,559.017041505799,956.7317276535674
1183,323.92933952147024,559.5984827558021,958.5432555614947
1184,324.40870640348817,559.9381997766467,958.9457183604412
1185,324.71127070528763,560.406141790196,959.7615363200507
1186,325.34878875363836,560.8227255494664,959.8624677658671
1187,325.220197117167,561.1655340927568,962.3810667082847
1188,325.6084892621917,561.0295468146895,963.0520126708078
1189,325.78729188272246,561.5087887148026,964.9119354767982
1190,325.8150222895438,561.7538570307185,962.4204036375552
1191,325.46101724678874,562.3130132265944,963.3000752001154
1192,325.3593932654433,562.7572191446093,964.0102083532495
1193,326.15288963534084,563.2301991287854,966.157886026271
1194,325.3864122049589,563.8404037795864,966.0092595931336
1195,325.90837026091623,564.3177768042776,969.8273862659238
1196,326.2139181533032,564.4991368138969,971.8616258269461
1197,326.02191699310674,565.5226144346188,975.1972560776343
1198,326.9778073618335,566.5597384679543,973.9033086873247
1199,326.73283062846775,567.4500483878224,973.6779230450361
1200,327.28465639753165,567.7413268572391,977.6659040465986
1201,328.1089736904962,567.5994200785867,979.4139174520207
1202,328.019663586461,568.8854000569264,980.7750259877563
1203,328.5692933166585,569.0613244774768,980.8504713195401
1204,329.42060852202627,569.0590449000107,981.8905110279962
1205,329.43369192012267,568.7764685568254,982.7535961521611
1206,329.69044124010827,569.364668620936,981.7541911029572
1207,329.2520616418083,570.1979594014979,982.6509738706122
1208,330.39458007942284,570.5273790689455,985.655043431324
1209,330.0752676889859,571.113370468855,985.2317446781802
1210,329.864216435616,571.221848885918,984.9194606773204
1211,329.9444220484414,572.1130517067709,986.2526161519276
1212,330.4403064860117,572.6190732573368,987.4212889295242
1213,330.599300698228,572.9684354756765,992.5803378287327
1214,330.9808459992815,573.2906036232116,995.5434372165105
1215,331.1631315847402,573.3084042770378,996.8804247905673
1216,331.85211950163597,574.5694692791178,997.4917100219465
1217,331.51077991379987,574.762566124579,997.5081873678268
1218,331.444720490425,575.2989582691948,998.0070805367786
1219,331.4551759263224,575.4496707539697,997.1240457097452
1220,332.1770530444907,577.098515598371,996.3826489085002
1221,331.87795805528066,577.8368932622525,999.9276529634695
1222,332.312684984965,578.5624076507042,998.8792836784753
1223,332.7622919242162,579.3250230666738,999.9767528681211
1224,333.3915683868555,579.478011629995,1001.3566393607382
1225,333.3071132501083,579.7268907228724,1004.6848200809694
1226,333.3847945240254,580.2770450491496,1003.12779805394
1227,333.79421450053593,580.7952526784873,1002.6194836064832
1228,332.99833835155124,581.8397953655394,1003.4873782993145
1229,332.9998913121838,582.578170906047,1005.4436869624648
1230,333.78891989922533,582.5812544197214,1007.1025522291326
1231,333.48878681794645,582.8486289451207,1006.3512393187217
1232,333.87331223484415,583.072202895887,1009.0735402191333
1233,334.78019430714363,583.8227607900003,1011.9938489134898
1234,334.23419159311953,584.1828001442643,1014.7833607422496
1235,334.0220187334501,584.7336696561408,1015.0767656127002
1236,334.2097301552824,585.6675887518779,1013.9054930966299
1237,334.5833942429563,585.2934280436689,1014.3049624685684
1238,335.2929768886698,586.1259239605431,1014.9706714854577
1239,336.09010713335033,586.8175599861861,1017.5548922437522
1240,335.57855554934577,587.0192314655901,1019.821059621494
1241,335.5639848448416,587.6189052143984,1022.2645576625265
1242,335.45865385415095,588.1446913620505,1021.0541038596507
1243,336.49075891061165,587.7176634338241,1023.9995474447377
1244,337.37893755659445,588.5822191129806,1024.726000216374
1245,337.35557875801754,588.8575490156251,1025.9326318139836
1246,337.1827515587798,589.6067683944136,1026.5626993754852
1247,336.92051676022464,589.9917898488962,1024.7710486558233
1248,336.8192851434001,590.6669915696086,1027.2341244727945
1249,336.8011089304076,591.1585647490533,1030.8236816154588
1250,336.8280467255875,591.4241935962795,1031.9734036280645
1251,337.1970884192656,592.6114961950109,1033.0426344520258
1252,337.43066211836674,592.351409203884,1033.3846045443279
1253,338.7047173083445,593.9168365697702,1036.0065001153937
1254,338.4394796088401,593.5100143760517,1038.6947539353077
1255,338.49649772797466,593.7420726085459,1040.822801281534
1256,337.65102202143987,595.002418209618,1041.1041471820326
1257,337.71643327505666,596.1952502595296,1043.1224768171717
1258,337.7804850654689,596.7409747901905,1044.5181970368433
1259,338.75734752454724,596.5219902207964,1043.9333990941846
1260,338.76844044395745,597.1684875399803,1046.8055267334707
