amfi_code,date,nav
120586,2013-01-02,18.66
120586,2013-01-03,18.73
120586,2013-01-04,18.76
120586,2013-01-07,18.72
120586,2013-01-08,18.76
120586,2013-01-09,18.76
120586,2013-01-10,18.77
120586,2013-01-11,18.69
120586,2013-01-14,18.84
120586,2013-01-15,18.94
120586,2013-01-16,18.78
120586,2013-01-17,18.94
120586,2013-01-18,18.97
120586,2013-01-21,19.08
120586,2013-01-22,18.93
120586,2013-01-23,18.91
120586,2013-01-24,18.8
120586,2013-01-25,18.99
120586,2013-01-28,19.02
120586,2013-01-29,18.89
120586,2013-01-30,18.89
120586,2013-01-31,18.78
120586,2013-02-01,18.74
120586,2013-02-04,18.67
120586,2013-02-05,18.55
120586,2013-02-06,18.57
120586,2013-02-07,18.49
120586,2013-02-08,18.39
120586,2013-02-11,18.38
120586,2013-02-12,18.48
120586,2013-02-13,18.47
120586,2013-02-14,18.4
120586,2013-02-15,18.35
120586,2013-02-18,18.36
120586,2013-02-19,18.5
120586,2013-02-20,18.51
120586,2013-02-21,18.24
120586,2013-02-22,18.26
120586,2013-02-25,18.28
120586,2013-02-26,18.07
120586,2013-02-27,18.14
120586,2013-02-28,17.87
120586,2013-03-01,17.97
120586,2013-03-04,17.92
120586,2013-03-05,18.11
120586,2013-03-06,18.24
120586,2013-03-07,18.33
120586,2013-03-08,18.56
120586,2013-03-11,18.53
120586,2013-03-12,18.45
120586,2013-03-13,18.25
120586,2013-03-14,18.42
120586,2013-03-15,18.27
120586,2013-03-18,18.16
120586,2013-03-19,17.96
120586,2013-03-20,17.76
120586,2013-03-21,17.64
120586,2013-03-22,17.59
120586,2013-03-25,17.51
120586,2013-03-26,17.49
120586,2013-03-28,17.67
120586,2013-04-01,17.72
120586,2013-04-02,17.82
120586,2013-04-03,17.58
120586,2013-04-04,17.31
120586,2013-04-05,17.29
120586,2013-04-08,17.32
120586,2013-04-09,17.15
120586,2013-04-10,17.36
120586,2013-04-11,17.46
120586,2013-04-12,17.34
120586,2013-04-15,17.41
120586,2013-04-16,17.66
120586,2013-04-17,17.72
120586,2013-04-18,17.89
120586,2013-04-22,18.06
120586,2013-04-23,18.03
120586,2013-04-25,18.24
120586,2013-04-26,18.22
120586,2013-04-29,18.35
120586,2013-04-30,18.43
120586,2013-05-02,18.57
120586,2013-05-03,18.37
120586,2013-05-06,18.47
120586,2013-05-07,18.68
120586,2013-05-08,18.72
120586,2013-05-09,18.66
120586,2013-05-10,18.87
120586,2013-05-13,18.54
120586,2013-05-14,18.61
120586,2013-05-15,18.98
120586,2013-05-16,19.08
120586,2013-05-17,19.1
120586,2013-05-20,19.02
120586,2013-05-21,18.88
120586,2013-05-22,18.84
120586,2013-05-23,18.48
120586,2013-05-24,18.57
120586,2013-05-27,18.79
120586,2013-05-28,18.87
120586,2013-05-29,18.84
120586,2013-05-30,18.92
120586,2013-05-31,18.61
120586,2013-06-03,18.48
120586,2013-06-04,18.46
120586,2013-06-05,18.47
120586,2013-06-06,18.46
120586,2013-06-07,18.38
120586,2013-06-10,18.32
120586,2013-06-11,18.1
120586,2013-06-12,18.06
120586,2013-06-13,17.86
120586,2013-06-14,18.13
120586,2013-06-17,18.22
120586,2013-06-18,18.17
120586,2013-06-19,18.23
120586,2013-06-20,17.8
120586,2013-06-21,17.81
120586,2013-06-24,17.5
120586,2013-06-25,17.49
120586,2013-06-26,17.43
120586,2013-06-27,17.67
120586,2013-06-28,18.07
120586,2013-07-01,18.19
120586,2013-07-02,18.08
120586,2013-07-03,17.81
120586,2013-07-04,18.05
120586,2013-07-05,18.12
120586,2013-07-08,18.0
120586,2013-07-09,18.14
120586,2013-07-10,18.09
120586,2013-07-11,18.36
120586,2013-07-12,18.61
120586,2013-07-15,18.75
120586,2013-07-16,18.5
120586,2013-07-17,18.43
120586,2013-07-18,18.61
120586,2013-07-19,18.66
120586,2013-07-22,18.72
120586,2013-07-23,18.85
120586,2013-07-24,18.58
120586,2013-07-25,18.34
120586,2013-07-26,18.28
120586,2013-07-29,18.1
120586,2013-07-30,17.82
120586,2013-07-31,17.89
120586,2013-08-01,17.92
120586,2013-08-02,17.79
120586,2013-08-05,17.85
120586,2013-08-06,17.45
120586,2013-08-07,17.42
120586,2013-08-08,17.6
120586,2013-08-12,17.76
120586,2013-08-13,18.05
120586,2013-08-14,18.23
120586,2013-08-16,17.66
120586,2013-08-19,17.39
120586,2013-08-20,17.44
120586,2013-08-21,17.08
120586,2013-08-22,17.33
120586,2013-08-23,17.55
120586,2013-08-26,17.6
120586,2013-08-27,17.08
120586,2013-08-28,17.03
120586,2013-08-29,17.4
120586,2013-08-30,17.62
120586,2013-09-02,17.78
120586,2013-09-03,17.26
120586,2013-09-04,17.53
120586,2013-09-05,17.97
120586,2013-09-06,18.22
120586,2013-09-10,18.7
120586,2013-09-11,18.77
120586,2013-09-12,18.61
120586,2013-09-13,18.54
120586,2013-09-16,18.56
120586,2013-09-17,18.65
120586,2013-09-18,18.8
120586,2013-09-19,19.39
120586,2013-09-20,19.15
120586,2013-09-23,18.85
120586,2013-09-24,18.86
120586,2013-09-25,18.8
120586,2013-09-26,18.79
120586,2013-09-27,18.66
120586,2013-09-30,18.44
120586,2013-10-01,18.55
120586,2013-10-03,18.88
120586,2013-10-04,18.92
120586,2013-10-07,18.92
120586,2013-10-08,19.01
120586,2013-10-09,19.25
120586,2013-10-10,19.32
120586,2013-10-11,19.52
120586,2013-10-14,19.57
120586,2013-10-15,19.48
120586,2013-10-17,19.35
120586,2013-10-18,19.74
120586,2013-10-21,19.82
120586,2013-10-22,19.77
120586,2013-10-23,19.77
120586,2013-10-24,19.76
120586,2013-10-25,19.69
120586,2013-10-28,19.55
120586,2013-10-29,19.95
120586,2013-10-30,20.05
120586,2013-10-31,20.22
120586,2013-11-01,20.25
120586,2013-11-05,20.16
120586,2013-11-06,20.09
120586,2013-11-07,19.98
120586,2013-11-08,19.93
120586,2013-11-11,19.78
120586,2013-11-12,19.59
120586,2013-11-13,19.46
120586,2013-11-14,19.66
120586,2013-11-18,20.02
120586,2013-11-19,20.06
120586,2013-11-20,19.79
120586,2013-11-21,19.41
120586,2013-11-22,19.4
120586,2013-11-25,19.77
120586,2013-11-26,19.65
120586,2013-11-27,19.68
120586,2013-11-28,19.73
120586,2013-11-29,20.02
120586,2013-12-02,20.12
120586,2013-12-03,20.05
120586,2013-12-04,19.92
120586,2013-12-05,20.22
120586,2013-12-06,20.23
120586,2013-12-09,20.55
120586,2013-12-10,20.47
120586,2013-12-11,20.39
120586,2013-12-12,20.19
120586,2013-12-13,20.0
120586,2013-12-16,20.06
120586,2013-12-17,20.0
120586,2013-12-18,20.22
120586,2013-12-19,20.12
120586,2013-12-20,20.45
120586,2013-12-23,20.45
120586,2013-12-24,20.4
120586,2013-12-26,20.43
120586,2013-12-27,20.51
120586,2013-12-30,20.43
120586,2013-12-31,20.44
120586,2014-01-01,20.46
120586,2014-01-02,20.22
120586,2014-01-03,20.26
120586,2014-01-06,20.19
120586,2014-01-07,20.08
120586,2014-01-08,20.14
120586,2014-01-09,20.16
120586,2014-01-10,20.14
120586,2014-01-13,20.38
120586,2014-01-14,20.31
120586,2014-01-15,20.52
120586,2014-01-16,20.44
120586,2014-01-17,20.3
120586,2014-01-20,20.41
120586,2014-01-21,20.44
120586,2014-01-22,20.49
120586,2014-01-23,20.44
120586,2014-01-24,20.2
120586,2014-01-27,19.76
120586,2014-01-28,19.67
120586,2014-01-29,19.7
120586,2014-01-30,19.52
120586,2014-01-31,19.75
120586,2014-02-03,19.53
120586,2014-02-04,19.53
120586,2014-02-05,19.64
120586,2014-02-06,19.73
120586,2014-02-07,19.8
120586,2014-02-10,19.82
120586,2014-02-11,19.9
120586,2014-02-12,20.0
120586,2014-02-13,19.69
120586,2014-02-14,19.82
120586,2014-02-17,19.88
120586,2014-02-18,20.0
120586,2014-02-19,20.12
120586,2014-02-20,19.95
120586,2014-02-21,20.13
120586,2014-02-24,20.19
120586,2014-02-25,20.22
120586,2014-02-26,20.33
120586,2014-02-28,20.42
120586,2014-03-03,20.3
120586,2014-03-04,20.48
120586,2014-03-05,20.61
120586,2014-03-06,20.83
120586,2014-03-07,21.16
120586,2014-03-10,21.2
120586,2014-03-11,21.12
120586,2014-03-12,21.13
120586,2014-03-13,21.1
120586,2014-03-14,21.1
120586,2014-03-18,21.21
120586,2014-03-19,21.21
120586,2014-03-20,21.08
120586,2014-03-21,21.11
120586,2014-03-24,21.4
120586,2014-03-25,21.43
120586,2014-03-26,21.47
120586,2014-03-27,21.59
120586,2014-03-28,21.77
120586,2014-03-31,21.83
120586,2014-04-01,21.82
120586,2014-04-02,21.97
120586,2014-04-03,21.87
120586,2014-04-04,21.77
120586,2014-04-07,21.77
120586,2014-04-09,22.04
120586,2014-04-10,22.03
120586,2014-04-11,22.02
120586,2014-04-15,21.86
120586,2014-04-16,21.68
120586,2014-04-17,21.95
120586,2014-04-21,22.07
120586,2014-04-22,22.09
120586,2014-04-23,22.24
120586,2014-04-25,22.08
120586,2014-04-28,22.12
120586,2014-04-29,21.96
120586,2014-04-30,21.87
120586,2014-05-02,21.91
120586,2014-05-05,21.92
120586,2014-05-06,21.98
120586,2014-05-07,21.83
120586,2014-05-08,21.88
120586,2014-05-09,22.5
120586,2014-05-12,22.99
120586,2014-05-13,23.25
120586,2014-05-14,23.28
120586,2014-05-15,23.29
120586,2014-05-16,23.6
120586,2014-05-19,23.9
120586,2014-05-20,24.0
120586,2014-05-21,23.94
120586,2014-05-22,24.06
120586,2014-05-23,24.41
120586,2014-05-26,24.38
120586,2014-05-27,24.32
120586,2014-05-28,24.41
120586,2014-05-29,24.1
120586,2014-05-30,24.05
120586,2014-06-02,24.58
120586,2014-06-03,24.76
120586,2014-06-04,24.81
120586,2014-06-05,25.05
120586,2014-06-06,25.42
120586,2014-06-09,25.63
120586,2014-06-10,25.57
120586,2014-06-11,25.48
120586,2014-06-12,25.61
120586,2014-06-13,25.24
120586,2014-06-16,25.22
120586,2014-06-17,25.56
120586,2014-06-18,25.41
120586,2014-06-19,25.27
120586,2014-06-20,25.16
120586,2014-06-23,25.12
120586,2014-06-24,25.38
120586,2014-06-25,25.3
120586,2014-06-26,25.1
120586,2014-06-27,25.22
120586,2014-06-30,25.54
120586,2014-07-01,25.74
120586,2014-07-02,25.99
120586,2014-07-03,26.0
120586,2014-07-04,26.2
120586,2014-07-07,26.19
120586,2014-07-08,25.57
120586,2014-07-09,25.44
120586,2014-07-10,25.43
120586,2014-07-11,25.03
120586,2014-07-14,25.03
120586,2014-07-15,25.37
120586,2014-07-16,25.79
120586,2014-07-17,25.88
120586,2014-07-18,25.96
120586,2014-07-21,25.93
120586,2014-07-22,26.09
120586,2014-07-23,26.07
120586,2014-07-24,26.16
120586,2014-07-25,25.94
120586,2014-07-28,25.85
120586,2014-07-30,26.06
120586,2014-07-31,25.89
120586,2014-08-01,25.61
120586,2014-08-04,25.87
120586,2014-08-05,26.04
120586,2014-08-06,25.81
120586,2014-08-07,25.77
120586,2014-08-08,25.52
120586,2014-08-11,25.67
120586,2014-08-12,25.87
120586,2014-08-13,25.85
120586,2014-08-14,26.03
120586,2014-08-18,26.34
120586,2014-08-19,26.5
120586,2014-08-20,26.45
120586,2014-08-21,26.55
120586,2014-08-22,26.68
120586,2014-08-25,26.66
120586,2014-08-26,26.67
120586,2014-08-27,26.81
120586,2014-08-28,26.9
120586,2014-09-01,27.26
120586,2014-09-02,27.52
120586,2014-09-03,27.57
120586,2014-09-04,27.49
120586,2014-09-05,27.42
120586,2014-09-08,27.68
120586,2014-09-09,27.66
120586,2014-09-10,27.54
120586,2014-09-11,27.72
120586,2014-09-12,27.79
120586,2014-09-15,27.71
120586,2014-09-16,27.23
120586,2014-09-17,27.39
120586,2014-09-18,27.81
120586,2014-09-19,27.8
120586,2014-09-22,27.85
120586,2014-09-23,27.46
120586,2014-09-24,27.41
120586,2014-09-25,27.07
120586,2014-09-26,27.26
120586,2014-09-29,27.23
120586,2014-09-30,27.23
120586,2014-10-01,27.15
120586,2014-10-07,26.88
120586,2014-10-08,26.84
120586,2014-10-09,27.16
120586,2014-10-10,26.84
120586,2014-10-13,27.02
120586,2014-10-14,26.96
120586,2014-10-16,26.51
120586,2014-10-17,26.73
120586,2014-10-20,27.16
120586,2014-10-21,27.4
120586,2014-10-22,27.61
120586,2014-10-27,27.68
120586,2014-10-28,27.8
120586,2014-10-29,27.97
120586,2014-10-30,28.26
120586,2014-10-31,28.73
120586,2014-11-03,28.71
120586,2014-11-05,28.72
120586,2014-11-07,28.7
120586,2014-11-10,28.68
120586,2014-11-11,28.79
120586,2014-11-12,28.89
120586,2014-11-13,28.76
120586,2014-11-14,28.91
120586,2014-11-17,29.03
120586,2014-11-18,29.18
120586,2014-11-19,29.03
120586,2014-11-20,29.09
120586,2014-11-21,29.32
120586,2014-11-24,29.49
120586,2014-11-25,29.21
120586,2014-11-26,29.31
120586,2014-11-27,29.41
120586,2014-11-28,29.74
120586,2014-12-01,29.6
120586,2014-12-02,29.61
120586,2014-12-03,29.79
120586,2014-12-04,29.86
120586,2014-12-05,29.71
120586,2014-12-08,29.44
120586,2014-12-09,29.11
120586,2014-12-10,29.21
120586,2014-12-11,28.93
120586,2014-12-12,28.71
120586,2014-12-15,28.66
120586,2014-12-16,28.16
120586,2014-12-17,28.03
120586,2014-12-18,28.58
120586,2014-12-19,28.85
120586,2014-12-22,29.15
120586,2014-12-23,28.94
120586,2014-12-24,28.66
120586,2014-12-26,28.74
120586,2014-12-29,28.92
120586,2014-12-30,28.96
120586,2014-12-31,29.06
120586,2015-01-01,29.08
120586,2015-01-02,29.37
120586,2015-01-05,29.32
120586,2015-01-06,28.47
120586,2015-01-07,28.38
120586,2015-01-08,28.83
120586,2015-01-09,28.98
120586,2015-01-12,29.16
120586,2015-01-13,29.11
120586,2015-01-14,28.95
120586,2015-01-15,29.63
120586,2015-01-16,29.74
120586,2015-01-19,29.98
120586,2015-01-20,30.39
120586,2015-01-21,30.45
120586,2015-01-22,30.6
120586,2015-01-23,30.84
120586,2015-01-27,31.12
120586,2015-01-28,31.2
120586,2015-01-29,31.29
120586,2015-01-30,30.86
120586,2015-02-02,30.81
120586,2015-02-03,30.59
120586,2015-02-04,30.47
120586,2015-02-05,30.39
120586,2015-02-06,30.15
120586,2015-02-09,29.76
120586,2015-02-10,30.01
120586,2015-02-11,30.24
120586,2015-02-12,30.65
120586,2015-02-13,30.94
120586,2015-02-16,30.84
120586,2015-02-18,31.03
120586,2015-02-19,31.07
120586,2015-02-20,30.9
120586,2015-02-23,30.62
120586,2015-02-24,30.56
120586,2015-02-25,30.61
120586,2015-02-26,30.31
120586,2015-02-27,30.89
120586,2015-03-02,31.47
120586,2015-03-03,31.56
120586,2015-03-04,31.27
120586,2015-03-05,31.4
120586,2015-03-09,30.76
120586,2015-03-10,30.73
120586,2015-03-11,30.74
120586,2015-03-12,31.01
120586,2015-03-13,30.63
120586,2015-03-16,30.57
120586,2015-03-17,30.88
120586,2015-03-18,30.77
120586,2015-03-19,30.53
120586,2015-03-20,30.29
120586,2015-03-23,30.1
120586,2015-03-24,30.03
120586,2015-03-25,30.04
120586,2015-03-26,29.48
120586,2015-03-27,29.51
120586,2015-03-30,30.0
120586,2015-03-31,29.99
120586,2015-04-01,30.27
120586,2015-04-06,30.41
120586,2015-04-07,30.44
120586,2015-04-08,30.69
120586,2015-04-09,30.92
120586,2015-04-10,30.98
120586,2015-04-13,31.05
120586,2015-04-15,30.77
120586,2015-04-16,30.67
120586,2015-04-17,30.37
120586,2015-04-20,29.79
120586,2015-04-21,29.6
120586,2015-04-22,29.63
120586,2015-04-23,29.51
120586,2015-04-24,29.1
120586,2015-04-27,28.8
120586,2015-04-28,29.21
120586,2015-04-29,29.22
120586,2015-04-30,29.12
120586,2015-05-04,29.62
120586,2015-05-05,29.57
120586,2015-05-06,28.76
120586,2015-05-07,28.46
120586,2015-05-08,28.91
120586,2015-05-11,29.4
120586,2015-05-12,28.73
120586,2015-05-13,29.25
120586,2015-05-14,29.27
120586,2015-05-15,29.36
120586,2015-05-18,29.71
120586,2015-05-19,29.7
120586,2015-05-20,29.83
120586,2015-05-21,29.84
120586,2015-05-22,29.91
120586,2015-05-25,29.74
120586,2015-05-26,29.62
120586,2015-05-27,29.54
120586,2015-05-28,29.48
120586,2015-05-29,29.93
120586,2015-06-01,29.88
120586,2015-06-02,29.26
120586,2015-06-03,28.98
120586,2015-06-04,29.04
120586,2015-06-05,28.94
120586,2015-06-08,28.69
120586,2015-06-09,28.68
120586,2015-06-10,29.07
120586,2015-06-11,28.52
120586,2015-06-12,28.56
120586,2015-06-15,28.64
120586,2015-06-16,28.76
120586,2015-06-17,28.87
120586,2015-06-18,29.13
120586,2015-06-19,29.31
120586,2015-06-22,29.69
120586,2015-06-23,29.76
120586,2015-06-24,29.66
120586,2015-06-25,29.75
120586,2015-06-26,29.71
120586,2015-06-29,29.43
120586,2015-06-30,29.56
120586,2015-07-01,29.92
120586,2015-07-02,29.94
120586,2015-07-03,30.09
120586,2015-07-06,30.27
120586,2015-07-07,30.26
120586,2015-07-08,29.82
120586,2015-07-09,29.74
120586,2015-07-10,29.89
120586,2015-07-13,30.21
120586,2015-07-14,30.19
120586,2015-07-15,30.4
120586,2015-07-16,30.66
120586,2015-07-17,30.74
120586,2015-07-20,30.73
120586,2015-07-21,30.58
120586,2015-07-22,30.89
120586,2015-07-23,30.9
120586,2015-07-24,30.63
120586,2015-07-27,30.05
120586,2015-07-28,30.02
120586,2015-07-29,30.21
120586,2015-07-30,30.46
120586,2015-07-31,30.84
120586,2015-08-03,30.91
120586,2015-08-04,30.97
120586,2015-08-05,31.17
120586,2015-08-06,31.13
120586,2015-08-07,31.09
120586,2015-08-10,30.95
120586,2015-08-11,30.81
120586,2015-08-12,30.41
120586,2015-08-13,30.42
120586,2015-08-14,30.95
120586,2015-08-17,30.77
120586,2015-08-18,30.8
120586,2015-08-19,30.89
120586,2015-08-20,30.45
120586,2015-08-21,30.22
120586,2015-08-24,28.37
120586,2015-08-25,28.64
120586,2015-08-26,28.36
120586,2015-08-27,28.94
120586,2015-08-28,29.16
120586,2015-08-31,29.05
120586,2015-09-01,28.37
120586,2015-09-02,28.15
120586,2015-09-03,28.59
120586,2015-09-04,27.99
120586,2015-09-07,27.57
120586,2015-09-08,28.03
120586,2015-09-09,28.51
120586,2015-09-10,28.38
120586,2015-09-11,28.36
120586,2015-09-14,28.75
120586,2015-09-15,28.6
120586,2015-09-16,28.77
120586,2015-09-18,29.11
120586,2015-09-21,29.06
120586,2015-09-22,28.51
120586,2015-09-23,28.64
120586,2015-09-24,28.73
120586,2015-09-28,28.47
120586,2015-09-29,28.62
120586,2015-09-30,28.92
120586,2015-10-01,28.81
120586,2015-10-05,29.38
120586,2015-10-06,29.43
120586,2015-10-07,29.49
120586,2015-10-08,29.29
120586,2015-10-09,29.49
120586,2015-10-12,29.39
120586,2015-10-13,29.34
120586,2015-10-14,29.28
120586,2015-10-15,29.46
120586,2015-10-16,29.72
120586,2015-10-19,29.85
120586,2015-10-20,29.85
120586,2015-10-21,29.82
120586,2015-10-23,29.92
120586,2015-10-26,29.9
120586,2015-10-27,29.89
120586,2015-10-28,29.66
120586,2015-10-29,29.48
120586,2015-10-30,29.42
120586,2015-11-02,29.46
120586,2015-11-03,29.53
120586,2015-11-04,29.44
120586,2015-11-05,29.19
120586,2015-11-06,29.23
120586,2015-11-09,29.21
120586,2015-11-10,28.74
120586,2015-11-13,28.79
120586,2015-11-16,28.9
120586,2015-11-17,28.97
120586,2015-11-18,28.66
120586,2015-11-19,29.09
120586,2015-11-20,29.16
120586,2015-11-23,29.14
120586,2015-11-24,29.08
120586,2015-11-26,29.26
120586,2015-11-27,29.45
120586,2015-11-30,29.45
120586,2015-12-01,29.51
120586,2015-12-02,29.41
120586,2015-12-03,29.22
120586,2015-12-04,28.94
120586,2015-12-07,28.89
120586,2015-12-08,28.64
120586,2015-12-09,28.31
120586,2015-12-10,28.58
120586,2015-12-11,28.26
120586,2015-12-14,28.34
120586,2015-12-15,28.44
120586,2015-12-16,28.63
120586,2015-12-17,28.93
120586,2015-12-18,28.69
120586,2015-12-21,28.97
120586,2015-12-22,28.83
120586,2015-12-23,29.08
120586,2015-12-24,29.05
120586,2015-12-28,29.25
120586,2015-12-29,29.26
120586,2015-12-30,29.15
120586,2015-12-31,29.29
120586,2016-01-01,29.4
120586,2016-01-04,28.81
120586,2016-01-05,28.79
120586,2016-01-06,28.62
120586,2016-01-07,28.01
120586,2016-01-08,28.21
120586,2016-01-11,28.01
120586,2016-01-12,27.82
120586,2016-01-13,28.0
120586,2016-01-14,27.86
120586,2016-01-15,27.47
120586,2016-01-18,27.11
120586,2016-01-19,27.41
120586,2016-01-20,27.05
120586,2016-01-21,27.01
120586,2016-01-22,27.5
120586,2016-01-25,27.55
120586,2016-01-27,27.57
120586,2016-01-28,27.47
120586,2016-01-29,27.84
120586,2016-02-01,27.82
120586,2016-02-02,27.38
120586,2016-02-03,27.02
120586,2016-02-04,27.2
120586,2016-02-05,27.58
120586,2016-02-08,27.25
120586,2016-02-09,26.79
120586,2016-02-10,26.5
120586,2016-02-11,25.69
120586,2016-02-12,25.61
120586,2016-02-15,26.35
120586,2016-02-16,25.89
120586,2016-02-17,26.0
120586,2016-02-18,26.29
120586,2016-02-19,26.37
120586,2016-02-22,26.39
120586,2016-02-23,25.92
120586,2016-02-24,25.66
120586,2016-02-25,25.42
120586,2016-02-26,25.65
120586,2016-02-29,25.55
120586,2016-03-01,26.34
120586,2016-03-02,26.89
120586,2016-03-03,27.17
120586,2016-03-04,27.28
120586,2016-03-08,27.22
120586,2016-03-09,27.38
120586,2016-03-10,27.17
120586,2016-03-11,27.18
120586,2016-03-14,27.36
120586,2016-03-15,27.21
120586,2016-03-16,27.35
120586,2016-03-17,27.47
120586,2016-03-18,27.74
120586,2016-03-21,28.07
120586,2016-03-22,28.07
120586,2016-03-23,28.09
120586,2016-03-28,27.73
120586,2016-03-29,27.66
120586,2016-03-30,28.23
120586,2016-03-31,28.28
120586,2016-04-01,28.26
120586,2016-04-04,28.44
120586,2016-04-05,27.87
120586,2016-04-06,27.86
120586,2016-04-07,27.72
120586,2016-04-08,27.81
120586,2016-04-11,28.18
120586,2016-04-12,28.3
120586,2016-04-13,28.82
120586,2016-04-18,29.09
120586,2016-04-20,29.22
120586,2016-04-21,29.24
120586,2016-04-22,29.28
120586,2016-04-25,29.17
120586,2016-04-26,29.53
120586,2016-04-27,29.53
120586,2016-04-28,29.14
120586,2016-04-29,29.19
120586,2016-05-02,29.1
120586,2016-05-03,28.89
120586,2016-05-04,28.65
120586,2016-05-05,28.73
120586,2016-05-06,28.7
120586,2016-05-09,29.1
120586,2016-05-10,29.16
120586,2016-05-11,29.07
120586,2016-05-12,29.27
120586,2016-05-13,29.06
120586,2016-05-16,29.08
120586,2016-05-17,29.2
120586,2016-05-18,29.13
120586,2016-05-19,28.86
120586,2016-05-20,28.67
120586,2016-05-23,28.62
120586,2016-05-24,28.63
120586,2016-05-25,29.25
120586,2016-05-26,29.68
120586,2016-05-27,29.94
120586,2016-05-30,30.09
120586,2016-05-31,30.06
120586,2016-06-01,30.01
120586,2016-06-02,30.16
120586,2016-06-03,30.23
120586,2016-06-06,30.16
120586,2016-06-07,30.36
120586,2016-06-08,30.43
120586,2016-06-09,30.35
120586,2016-06-10,30.26
120586,2016-06-13,30.01
120586,2016-06-14,30.11
120586,2016-06-15,30.49
120586,2016-06-16,30.32
120586,2016-06-17,30.41
120586,2016-06-20,30.59
120586,2016-06-21,30.51
120586,2016-06-22,30.48
120586,2016-06-23,30.7
120586,2016-06-24,30.12
120586,2016-06-27,30.26
120586,2016-06-28,30.37
120586,2016-06-29,30.69
120586,2016-06-30,31.07
120586,2016-07-01,31.3
120586,2016-07-04,31.5
120586,2016-07-05,31.34
120586,2016-07-07,31.36
120586,2016-07-08,31.32
120586,2016-07-11,31.82
120586,2016-07-12,32.09
120586,2016-07-13,31.97
120586,2016-07-14,32.21
120586,2016-07-15,32.18
120586,2016-07-18,32.11
120586,2016-07-19,32.21
120586,2016-07-20,32.36
120586,2016-07-21,32.16
120586,2016-07-22,32.23
120586,2016-07-25,32.59
120586,2016-07-26,32.52
120586,2016-07-27,32.61
120586,2016-07-28,32.75
120586,2016-07-29,32.69
120586,2016-08-01,32.71
120586,2016-08-02,32.63
120586,2016-08-03,32.34
120586,2016-08-04,32.37
120586,2016-08-05,32.82
120586,2016-08-08,32.89
120586,2016-08-09,32.78
120586,2016-08-10,32.33
120586,2016-08-11,32.37
120586,2016-08-12,32.62
120586,2016-08-16,32.63
120586,2016-08-17,32.64
120586,2016-08-18,32.86
120586,2016-08-19,32.87
120586,2016-08-22,32.73
120586,2016-08-23,32.68
120586,2016-08-24,32.8
120586,2016-08-25,32.64
120586,2016-08-26,32.59
120586,2016-08-29,32.67
120586,2016-08-30,33.12
120586,2016-08-31,33.34
120586,2016-09-01,33.32
120586,2016-09-02,33.41
120586,2016-09-06,33.97
120586,2016-09-07,34.02
120586,2016-09-08,34.19
120586,2016-09-09,33.85
120586,2016-09-12,33.24
120586,2016-09-14,33.31
120586,2016-09-15,33.34
120586,2016-09-16,33.45
120586,2016-09-19,33.56
120586,2016-09-20,33.6
120586,2016-09-21,33.61
120586,2016-09-22,33.99
120586,2016-09-23,33.85
120586,2016-09-26,33.5
120586,2016-09-27,33.43
120586,2016-09-28,33.51
120586,2016-09-29,32.8
120586,2016-09-30,32.92
120586,2016-10-03,33.47
120586,2016-10-04,33.59
120586,2016-10-05,33.51
120586,2016-10-06,33.36
120586,2016-10-07,33.34
120586,2016-10-10,33.36
120586,2016-10-13,32.89
120586,2016-10-14,32.97
120586,2016-10-17,32.84
120586,2016-10-18,33.46
120586,2016-10-19,33.45
120586,2016-10-20,33.57
120586,2016-10-21,33.59
120586,2016-10-24,33.61
120586,2016-10-25,33.59
120586,2016-10-26,33.32
120586,2016-10-27,33.22
120586,2016-10-28,33.36
120586,2016-11-01,33.35
120586,2016-11-02,32.92
120586,2016-11-03,32.76
120586,2016-11-04,32.49
120586,2016-11-07,32.8
120586,2016-11-08,32.88
120586,2016-11-09,32.57
120586,2016-11-10,33.21
120586,2016-11-11,32.37
120586,2016-11-15,31.67
120586,2016-11-16,31.69
120586,2016-11-17,31.63
120586,2016-11-18,31.58
120586,2016-11-21,30.99
120586,2016-11-22,31.22
120586,2016-11-23,31.4
120586,2016-11-24,31.18
120586,2016-11-25,31.74
120586,2016-11-28,31.76
120586,2016-11-29,31.81
120586,2016-11-30,32.15
120586,2016-12-01,31.97
120586,2016-12-02,31.66
120586,2016-12-05,31.88
120586,2016-12-06,31.85
120586,2016-12-07,31.66
120586,2016-12-08,32.18
120586,2016-12-09,32.26
120586,2016-12-12,31.93
120586,2016-12-13,32.08
120586,2016-12-14,31.85
120586,2016-12-15,31.72
120586,2016-12-16,31.71
120586,2016-12-19,31.59
120586,2016-12-20,31.47
120586,2016-12-21,31.43
120586,2016-12-22,31.08
120586,2016-12-23,31.12
120586,2016-12-26,30.77
120586,2016-12-27,31.22
120586,2016-12-28,31.28
120586,2016-12-29,31.6
120586,2016-12-30,31.87
120586,2017-01-02,31.91
120586,2017-01-03,32.05
120586,2017-01-04,31.99
120586,2017-01-05,32.34
120586,2017-01-06,32.21
120586,2017-01-09,32.22
120586,2017-01-10,32.37
120586,2017-01-11,32.76
120586,2017-01-12,32.93
120586,2017-01-13,32.89
120586,2017-01-16,32.94
120586,2017-01-17,32.9
120586,2017-01-18,32.98
120586,2017-01-19,33.07
120586,2017-01-20,32.7
120586,2017-01-23,32.82
120586,2017-01-24,33.09
120586,2017-01-25,33.36
120586,2017-01-27,33.6
120586,2017-01-30,33.63
120586,2017-01-31,33.3
120586,2017-02-01,33.84
120586,2017-02-02,34.07
120586,2017-02-03,34.17
120586,2017-02-06,34.52
120586,2017-02-07,34.35
120586,2017-02-08,34.38
120586,2017-02-09,34.35
120586,2017-02-10,34.43
120586,2017-02-13,34.45
120586,2017-02-14,34.37
120586,2017-02-15,34.06
120586,2017-02-16,34.37
120586,2017-02-17,34.6
120586,2017-02-20,34.79
120586,2017-02-21,34.91
120586,2017-02-22,34.93
120586,2017-02-23,34.96
120586,2017-02-27,34.78
120586,2017-02-28,34.76
120586,2017-03-01,34.94
120586,2017-03-02,34.68
120586,2017-03-03,34.68
120586,2017-03-06,34.89
120586,2017-03-07,34.78
120586,2017-03-08,34.69
120586,2017-03-09,34.69
120586,2017-03-10,34.69
120586,2017-03-14,35.28
120586,2017-03-15,35.26
120586,2017-03-16,35.54
120586,2017-03-17,35.49
120586,2017-03-20,35.37
120586,2017-03-21,35.35
120586,2017-03-22,35.05
120586,2017-03-23,35.27
120586,2017-03-24,35.37
120586,2017-03-27,35.12
120586,2017-03-28,35.35
120586,2017-03-29,35.54
120586,2017-03-30,35.64
120586,2017-03-31,35.61
120586,2017-04-03,35.78
120586,2017-04-05,35.98
120586,2017-04-06,35.98
120586,2017-04-07,35.85
120586,2017-04-10,36.0
120586,2017-04-11,36.22
120586,2017-04-12,36.08
120586,2017-04-13,35.94
120586,2017-04-17,35.79
120586,2017-04-18,35.64
120586,2017-04-19,35.68
120586,2017-04-20,35.74
120586,2017-04-21,35.59
120586,2017-04-24,35.88
120586,2017-04-25,36.24
120586,2017-04-26,36.43
120586,2017-04-27,36.39
120586,2017-04-28,36.4
120586,2017-05-02,36.3
120586,2017-05-03,36.23
120586,2017-05-04,36.54
120586,2017-05-05,36.21
120586,2017-05-08,36.4
120586,2017-05-09,36.42
120586,2017-05-10,36.71
120586,2017-05-11,36.67
120586,2017-05-12,36.61
120586,2017-05-15,36.87
120586,2017-05-16,37.1
120586,2017-05-17,37.13
120586,2017-05-18,36.71
120586,2017-05-19,36.72
120586,2017-05-22,36.6
120586,2017-05-23,36.42
120586,2017-05-24,36.26
120586,2017-05-25,36.81
120586,2017-05-26,37.14
120586,2017-05-29,36.97
120586,2017-05-30,37.14
120586,2017-05-31,37.27
120586,2017-06-01,37.24
120586,2017-06-02,37.4
120586,2017-06-05,37.51
120586,2017-06-06,37.31
120586,2017-06-07,37.48
120586,2017-06-08,37.52
120586,2017-06-09,37.6
120586,2017-06-12,37.43
120586,2017-06-13,37.41
120586,2017-06-14,37.4
120586,2017-06-15,37.28
120586,2017-06-16,37.32
120586,2017-06-19,37.6
120586,2017-06-20,37.66
120586,2017-06-21,37.58
120586,2017-06-22,37.48
120586,2017-06-23,37.22
120586,2017-06-27,36.95
120586,2017-06-28,37.03
120586,2017-06-29,37.08
120586,2017-06-30,37.14
120586,2017-07-03,37.4
120586,2017-07-04,37.34
120586,2017-07-05,37.45
120586,2017-07-06,37.64
120586,2017-07-07,37.64
120586,2017-07-10,38.01
120586,2017-07-11,37.95
120586,2017-07-12,38.19
120586,2017-07-13,38.56
120586,2017-07-14,38.61
120586,2017-07-17,38.72
120586,2017-07-18,38.48
120586,2017-07-19,38.85
120586,2017-07-20,38.78
120586,2017-07-21,38.93
120586,2017-07-24,39.08
120586,2017-07-25,39.06
120586,2017-07-26,39.22
120586,2017-07-27,39.16
120586,2017-07-28,39.08
120586,2017-07-31,39.38
120586,2017-08-01,39.55
120586,2017-08-02,39.44
120586,2017-08-03,39.14
120586,2017-08-04,39.47
120586,2017-08-07,39.65
120586,2017-08-08,39.32
120586,2017-08-09,38.91
120586,2017-08-10,38.47
120586,2017-08-11,38.11
120586,2017-08-14,38.64
120586,2017-08-16,39.18
120586,2017-08-17,39.11
120586,2017-08-18,38.88
120586,2017-08-21,38.5
120586,2017-08-22,38.56
120586,2017-08-23,38.93
120586,2017-08-24,39.07
120586,2017-08-28,39.3
120586,2017-08-29,38.82
120586,2017-08-30,39.19
120586,2017-08-31,39.27
120586,2017-09-01,39.5
120586,2017-09-04,39.22
120586,2017-09-05,39.33
120586,2017-09-06,39.25
120586,2017-09-07,39.38
120586,2017-09-08,39.38
120586,2017-09-11,39.78
120586,2017-09-12,40.03
120586,2017-09-13,39.93
120586,2017-09-14,40.0
120586,2017-09-15,39.98
120586,2017-09-18,40.17
120586,2017-09-19,40.21
120586,2017-09-20,40.15
120586,2017-09-21,40.01
120586,2017-09-22,39.34
120586,2017-09-25,38.95
120586,2017-09-26,39.11
120586,2017-09-27,38.58
120586,2017-09-28,38.83
120586,2017-09-29,39.06
120586,2017-10-03,39.23
120586,2017-10-04,39.31
120586,2017-10-05,39.21
120586,2017-10-06,39.63
120586,2017-10-09,39.63
120586,2017-10-10,39.83
120586,2017-10-11,39.72
120586,2017-10-12,40.16
120586,2017-10-13,40.36
120586,2017-10-16,40.51
120586,2017-10-17,40.52
120586,2017-10-18,40.27
120586,2017-10-23,40.15
120586,2017-10-24,40.26
120586,2017-10-25,41.04
120586,2017-10-26,41.21
120586,2017-10-27,41.18
120586,2017-10-30,41.4
120586,2017-10-31,41.4
120586,2017-11-01,41.9
120586,2017-11-02,41.8
120586,2017-11-03,41.95
120586,2017-11-06,42.01
120586,2017-11-07,41.49
120586,2017-11-08,41.33
120586,2017-11-09,41.39
120586,2017-11-10,41.56
120586,2017-11-13,41.22
120586,2017-11-14,41.04
120586,2017-11-15,40.72
120586,2017-11-16,41.13
120586,2017-11-17,41.46
120586,2017-11-20,41.5
120586,2017-11-21,41.65
120586,2017-11-22,41.64
120586,2017-11-23,41.67
120586,2017-11-24,41.81
120586,2017-11-27,41.97
120586,2017-11-28,41.84
120586,2017-11-29,41.82
120586,2017-11-30,41.32
120586,2017-12-01,40.9
120586,2017-12-04,41.01
120586,2017-12-05,40.94
120586,2017-12-06,40.62
120586,2017-12-07,41.32
120586,2017-12-08,41.74
120586,2017-12-11,41.94
120586,2017-12-12,41.64
120586,2017-12-13,41.33
120586,2017-12-14,41.55
120586,2017-12-15,41.77
120586,2017-12-18,42.06
120586,2017-12-19,42.48
120586,2017-12-20,42.4
120586,2017-12-21,42.44
120586,2017-12-22,42.66
120586,2017-12-26,42.79
120586,2017-12-27,42.59
120586,2017-12-28,42.5
120586,2017-12-29,42.68
120586,2018-01-01,42.44
120586,2018-01-02,42.4
120586,2018-01-03,42.4
120586,2018-01-04,42.63
120586,2018-01-05,42.85
120586,2018-01-08,43.02
120586,2018-01-09,42.97
120586,2018-01-10,42.91
120586,2018-01-11,42.96
120586,2018-01-12,43.05
120586,2018-01-15,43.13
120586,2018-01-16,42.92
120586,2018-01-17,43.33
120586,2018-01-18,43.27
120586,2018-01-19,43.55
120586,2018-01-22,43.67
120586,2018-01-23,44.22
120586,2018-01-24,44.14
120586,2018-01-25,43.97
120586,2018-01-29,44.04
120586,2018-01-30,43.8
120586,2018-01-31,43.68
120586,2018-02-01,43.58
120586,2018-02-02,42.56
120586,2018-02-05,42.4
120586,2018-02-06,41.84
120586,2018-02-07,41.91
120586,2018-02-08,42.41
120586,2018-02-09,42.0
120586,2018-02-12,42.33
120586,2018-02-14,42.09
120586,2018-02-15,42.15
120586,2018-02-16,41.7
120586,2018-02-19,41.34
120586,2018-02-20,41.26
120586,2018-02-21,41.31
120586,2018-02-22,41.19
120586,2018-02-23,41.77
120586,2018-02-26,42.15
120586,2018-02-27,42.0
120586,2018-02-28,41.82
120586,2018-03-01,41.55
120586,2018-03-05,41.2
120586,2018-03-06,40.75
120586,2018-03-07,40.38
120586,2018-03-08,40.74
120586,2018-03-09,40.63
120586,2018-03-12,41.34
120586,2018-03-13,41.53
120586,2018-03-14,41.53
120586,2018-03-15,41.29
120586,2018-03-16,40.72
120586,2018-03-19,40.28
120586,2018-03-20,40.43
120586,2018-03-21,40.56
120586,2018-03-22,40.35
120586,2018-03-23,39.95
120586,2018-03-26,40.43
120586,2018-03-27,40.77
120586,2018-03-28,40.48
120586,2018-04-02,40.74
120586,2018-04-03,40.94
120586,2018-04-04,40.47
120586,2018-04-05,41.25
120586,2018-04-06,41.33
120586,2018-04-09,41.54
120586,2018-04-10,41.73
120586,2018-04-11,41.7
120586,2018-04-12,41.82
120586,2018-04-13,41.87
120586,2018-04-16,42.07
120586,2018-04-17,42.2
120586,2018-04-18,42.13
120586,2018-04-19,42.38
120586,2018-04-20,42.3
120586,2018-04-23,42.31
120586,2018-04-24,42.3
120586,2018-04-25,42.06
120586,2018-04-26,42.06
120586,2018-04-27,42.42
120586,2018-04-30,42.53
120586,2018-05-02,42.24
120586,2018-05-03,42.06
120586,2018-05-04,41.78
120586,2018-05-07,42.21
120586,2018-05-08,42.39
120586,2018-05-09,42.34
120586,2018-05-10,42.24
120586,2018-05-11,42.46
120586,2018-05-14,42.51
120586,2018-05-15,42.46
120586,2018-05-16,42.14
120586,2018-05-17,41.93
120586,2018-05-18,41.5
120586,2018-05-21,41.28
120586,2018-05-22,41.55
120586,2018-05-23,41.22
120586,2018-05-24,41.43
120586,2018-05-25,42.0
120586,2018-05-28,42.36
120586,2018-05-29,42.17
120586,2018-05-30,42.02
120586,2018-05-31,42.35
120586,2018-06-01,42.1
120586,2018-06-04,41.75
120586,2018-06-05,41.63
120586,2018-06-06,42.0
120586,2018-06-07,42.35
120586,2018-06-08,42.38
120586,2018-06-11,42.45
120586,2018-06-12,42.56
120586,2018-06-13,42.61
120586,2018-06-14,42.44
120586,2018-06-15,42.31
120586,2018-06-18,42.26
120586,2018-06-19,41.97
120586,2018-06-20,42.04
120586,2018-06-21,41.88
120586,2018-06-22,42.18
120586,2018-06-25,41.83
120586,2018-06-26,41.84
120586,2018-06-27,41.36
120586,2018-06-28,41.06
120586,2018-06-29,41.61
120586,2018-07-02,41.4
120586,2018-07-03,41.6
120586,2018-07-04,41.74
120586,2018-07-05,41.54
120586,2018-07-06,41.54
120586,2018-07-09,41.95
120586,2018-07-10,42.33
120586,2018-07-11,42.0
120586,2018-07-12,42.14
120586,2018-07-13,41.91
120586,2018-07-16,41.51
120586,2018-07-17,41.95
120586,2018-07-18,41.74
120586,2018-07-19,41.61
120586,2018-07-20,41.9
120586,2018-07-23,42.35
120586,2018-07-24,42.68
120586,2018-07-25,42.52
120586,2018-07-26,42.93
120586,2018-07-27,43.41
120586,2018-07-30,43.81
120586,2018-07-31,43.82
120586,2018-08-01,43.64
120586,2018-08-02,43.35
120586,2018-08-03,43.8
120586,2018-08-06,44.16
120586,2018-08-07,44.12
120586,2018-08-08,44.27
120586,2018-08-09,44.52
120586,2018-08-10,44.23
120586,2018-08-13,43.83
120586,2018-08-14,44.14
120586,2018-08-16,44.06
120586,2018-08-17,44.4
120586,2018-08-20,44.71
120586,2018-08-21,44.86
120586,2018-08-23,44.84
120586,2018-08-24,44.76
120586,2018-08-27,45.36
120586,2018-08-28,45.45
120586,2018-08-29,45.35
120586,2018-08-30,45.47
120586,2018-08-31,45.63
120586,2018-09-03,45.29
120586,2018-09-04,44.8
120586,2018-09-05,44.8
120586,2018-09-06,44.92
120586,2018-09-07,45.22
120586,2018-09-10,44.75
120586,2018-09-11,44.21
120586,2018-09-12,44.43
120586,2018-09-14,45.07
120586,2018-09-17,44.69
120586,2018-09-18,44.13
120586,2018-09-19,44.08
120586,2018-09-21,43.87
120586,2018-09-24,43.02
120586,2018-09-25,43.51
120586,2018-09-26,43.37
120586,2018-09-27,43.03
120586,2018-09-28,42.65
120586,2018-10-01,42.95
120586,2018-10-03,42.44
120586,2018-10-04,41.87
120586,2018-10-05,40.65
120586,2018-10-08,40.41
120586,2018-10-09,40.15
120586,2018-10-10,40.96
120586,2018-10-11,40.16
120586,2018-10-12,41.0
120586,2018-10-15,41.17
120586,2018-10-16,41.49
120586,2018-10-17,41.05
120586,2018-10-19,40.71
120586,2018-10-22,40.69
120586,2018-10-23,40.35
120586,2018-10-24,40.7
120586,2018-10-25,40.22
120586,2018-10-26,39.89
120586,2018-10-29,40.83
120586,2018-10-30,40.76
120586,2018-10-31,41.39
120586,2018-11-01,41.39
120586,2018-11-02,42.08
120586,2018-11-05,41.97
120586,2018-11-06,41.86
120586,2018-11-09,42.01
120586,2018-11-12,41.52
120586,2018-11-13,41.92
120586,2018-11-14,41.94
120586,2018-11-15,42.02
120586,2018-11-16,42.35
120586,2018-11-19,42.54
120586,2018-11-20,42.01
120586,2018-11-21,41.95
120586,2018-11-22,41.67
120586,2018-11-26,41.88
120586,2018-11-27,42.03
120586,2018-11-28,41.85
120586,2018-11-29,42.16
120586,2018-11-30,42.2
120586,2018-12-03,42.43
120586,2018-12-04,42.5
120586,2018-12-05,41.96
120586,2018-12-06,41.25
120586,2018-12-07,41.43
120586,2018-12-10,40.9
120586,2018-12-11,41.09
120586,2018-12-12,41.93
120586,2018-12-13,42.17
120586,2018-12-14,42.41
120586,2018-12-17,42.75
120586,2018-12-18,42.9
120586,2018-12-19,43.23
120586,2018-12-20,43.06
120586,2018-12-21,42.48
120586,2018-12-24,41.99
120586,2018-12-26,42.22
120586,2018-12-27,42.34
120586,2018-12-28,42.73
120586,2018-12-31,42.77
120586,2019-01-01,42.92
120586,2019-01-02,42.34
120586,2019-01-03,41.86
120586,2019-01-04,42.13
120586,2019-01-07,42.3
120586,2019-01-08,42.48
120586,2019-01-09,42.7
120586,2019-01-10,42.61
120586,2019-01-11,42.61
120586,2019-01-14,42.34
120586,2019-01-15,42.76
120586,2019-01-16,42.8
120586,2019-01-17,42.77
120586,2019-01-18,42.53
120586,2019-01-21,42.57
120586,2019-01-22,42.42
120586,2019-01-23,42.1
120586,2019-01-24,42.06
120586,2019-01-25,41.75
120586,2019-01-28,41.28
120586,2019-01-29,41.25
120586,2019-01-30,41.41
120586,2019-01-31,41.97
120586,2019-02-01,42.03
120586,2019-02-04,41.92
120586,2019-02-05,41.89
120586,2019-02-06,42.4
120586,2019-02-07,42.52
120586,2019-02-08,41.96
120586,2019-02-11,41.7
120586,2019-02-12,41.5
120586,2019-02-13,41.24
120586,2019-02-14,41.03
120586,2019-02-15,40.89
120586,2019-02-18,40.7
120586,2019-02-19,40.72
120586,2019-02-20,41.27
120586,2019-02-21,41.45
120586,2019-02-22,41.68
120586,2019-02-25,42.04
120586,2019-02-26,41.86
120586,2019-02-27,41.76
120586,2019-02-28,41.97
120586,2019-03-01,42.21
120586,2019-03-05,42.8
120586,2019-03-06,43.06
120586,2019-03-07,42.92
120586,2019-03-08,42.86
120586,2019-03-11,43.56
120586,2019-03-12,43.93
120586,2019-03-13,43.82
120586,2019-03-14,43.86
120586,2019-03-15,44.18
120586,2019-03-18,44.21
120586,2019-03-19,44.42
120586,2019-03-20,44.25
120586,2019-03-22,44.1
120586,2019-03-25,43.84
120586,2019-03-26,44.23
120586,2019-03-27,44.04
120586,2019-03-28,44.41
120586,2019-03-29,44.62
120586,2019-04-01,44.84
120586,2019-04-02,44.97
120586,2019-04-03,44.63
120586,2019-04-04,44.59
120586,2019-04-05,44.84
120586,2019-04-08,44.67
120586,2019-04-09,44.89
120586,2019-04-10,44.57
120586,2019-04-11,44.58
120586,2019-04-12,44.78
120586,2019-04-15,44.93
120586,2019-04-16,45.28
120586,2019-04-18,45.03
120586,2019-04-22,44.55
120586,2019-04-23,44.43
120586,2019-04-24,44.91
120586,2019-04-25,44.67
120586,2019-04-26,44.98
120586,2019-04-30,45.07
120586,2019-05-02,44.88
120586,2019-05-03,44.98
120586,2019-05-06,44.6
120586,2019-05-07,44.29
120586,2019-05-08,43.86
120586,2019-05-09,43.61
120586,2019-05-10,43.54
120586,2019-05-13,42.97
120586,2019-05-14,43.28
120586,2019-05-15,43.08
120586,2019-05-16,43.37
120586,2019-05-17,43.75
120586,2019-05-20,45.26
120586,2019-05-21,44.77
120586,2019-05-22,44.92
120586,2019-05-23,44.64
120586,2019-05-24,45.47
120586,2019-05-27,45.92
120586,2019-05-28,46.01
120586,2019-05-29,45.58
120586,2019-05-30,45.82
120586,2019-05-31,45.78
120586,2019-06-03,46.22
120586,2019-06-04,46.07
120586,2019-06-06,45.54
120586,2019-06-07,45.61
120586,2019-06-10,45.82
120586,2019-06-11,45.98
120586,2019-06-12,45.83
120586,2019-06-13,45.94
120586,2019-06-14,45.58
120586,2019-06-17,45.03
120586,2019-06-18,45.16
120586,2019-06-19,45.12
120586,2019-06-20,45.67
120586,2019-06-21,45.41
120586,2019-06-24,45.28
120586,2019-06-25,45.5
120586,2019-06-26,45.81
120586,2019-06-27,45.84
120586,2019-06-28,45.75
120586,2019-07-01,45.98
120586,2019-07-02,46.18
120586,2019-07-03,46.21
120586,2019-07-04,46.31
120586,2019-07-05,45.73
120586,2019-07-08,44.74
120586,2019-07-09,44.77
120586,2019-07-10,44.49
120586,2019-07-11,44.75
120586,2019-07-12,44.72
120586,2019-07-15,44.82
120586,2019-07-16,45.05
120586,2019-07-17,45.11
120586,2019-07-18,44.71
120586,2019-07-19,44.13
120586,2019-07-22,44.01
120586,2019-07-23,44.03
120586,2019-07-24,43.79
120586,2019-07-25,43.87
120586,2019-07-26,43.88
120586,2019-07-29,43.46
120586,2019-07-30,43.16
120586,2019-07-31,43.24
120586,2019-08-01,42.61
120586,2019-08-02,42.68
120586,2019-08-05,42.27
120586,2019-08-06,42.63
120586,2019-08-07,42.28
120586,2019-08-08,42.86
120586,2019-08-09,43.11
120586,2019-08-13,42.1
120586,2019-08-14,42.68
120586,2019-08-16,42.8
120586,2019-08-19,42.86
120586,2019-08-20,42.71
120586,2019-08-21,42.35
120586,2019-08-22,41.74
120586,2019-08-23,42.1
120586,2019-08-26,42.85
120586,2019-08-27,43.03
120586,2019-08-28,42.74
120586,2019-08-29,42.56
120586,2019-08-30,42.79
120586,2019-09-03,41.92
120586,2019-09-04,42.23
120586,2019-09-05,42.4
120586,2019-09-06,42.82
120586,2019-09-09,42.96
120586,2019-09-11,43.06
120586,2019-09-12,42.9
120586,2019-09-13,43.29
120586,2019-09-16,43.09
120586,2019-09-17,42.47
120586,2019-09-18,42.51
120586,2019-09-19,42.14
120586,2019-09-20,44.14
120586,2019-09-23,45.15
120586,2019-09-24,45.03
120586,2019-09-25,44.41
120586,2019-09-26,45.03
120586,2019-09-27,44.9
120586,2019-09-30,44.88
120586,2019-10-01,44.47
120586,2019-10-03,44.17
120586,2019-10-04,43.63
120586,2019-10-07,43.48
120586,2019-10-09,44.16
120586,2019-10-10,43.87
120586,2019-10-11,44.21
120586,2019-10-14,44.36
120586,2019-10-15,44.69
120586,2019-10-16,44.79
120586,2019-10-17,45.29
120586,2019-10-18,45.53
120586,2019-10-22,45.13
120586,2019-10-23,45.25
120586,2019-10-24,45.12
120586,2019-10-25,45.1
120586,2019-10-29,45.82
120586,2019-10-30,46.06
120586,2019-10-31,46.08
120586,2019-11-01,46.14
120586,2019-11-04,46.36
120586,2019-11-05,46.21
120586,2019-11-06,46.44
120586,2019-11-07,46.55
120586,2019-11-08,46.21
120586,2019-11-11,46.25
120586,2019-11-13,45.9
120586,2019-11-14,46.05
120586,2019-11-15,46.13
120586,2019-11-18,46.18
120586,2019-11-19,46.35
120586,2019-11-20,46.44
120586,2019-11-21,46.17
120586,2019-11-22,46.06
120586,2019-11-25,46.71
120586,2019-11-26,46.57
120586,2019-11-27,46.77
120586,2019-11-28,47.02
120586,2019-11-29,46.7
120586,2019-12-02,46.68
120586,2019-12-03,46.44
120586,2019-12-04,46.68
120586,2019-12-05,46.49
120586,2019-12-06,46.16
120586,2019-12-09,46.19
120586,2019-12-10,45.95
120586,2019-12-11,46.17
120586,2019-12-12,46.37
120586,2019-12-13,46.83
120586,2019-12-16,46.65
120586,2019-12-17,47.1
120586,2019-12-18,47.23
120586,2019-12-19,47.35
120586,2019-12-20,47.43
120586,2019-12-23,47.45
120586,2019-12-24,47.36
120586,2019-12-26,47.08
120586,2019-12-27,47.54
120586,2019-12-30,47.57
120586,2019-12-31,47.26
120586,2020-01-01,47.33
120586,2020-01-02,47.65
120586,2020-01-03,47.43
120586,2020-01-06,46.62
120586,2020-01-07,46.81
120586,2020-01-08,46.73
120586,2020-01-09,47.39
120586,2020-01-10,47.54
120586,2020-01-13,47.86
120586,2020-01-14,48.03
120586,2020-01-15,48.01
120586,2020-01-16,48.03
120586,2020-01-17,48.04
120586,2020-01-20,47.67
120586,2020-01-21,47.39
120586,2020-01-22,47.17
120586,2020-01-23,47.53
120586,2020-01-24,47.88
120586,2020-01-27,47.42
120586,2020-01-28,47.1
120586,2020-01-29,47.38
120586,2020-01-30,47.05
120586,2020-01-31,46.73
120586,2020-02-03,45.66
120586,2020-02-04,46.62
120586,2020-02-05,47.09
120586,2020-02-06,47.28
120586,2020-02-07,47.29
120586,2020-02-10,46.92
120586,2020-02-11,47.2
120586,2020-02-12,47.52
120586,2020-02-13,47.39
120586,2020-02-14,47.13
120586,2020-02-17,46.79
120586,2020-02-18,46.63
120586,2020-02-19,47.13
120586,2020-02-20,47.02
120586,2020-02-24,46.01
120586,2020-02-25,45.83
120586,2020-02-26,45.35
120586,2020-02-27,45.18
120586,2020-02-28,43.73
120586,2020-03-02,43.38
120586,2020-03-03,44.06
120586,2020-03-04,43.74
120586,2020-03-05,43.77
120586,2020-03-06,42.82
120586,2020-03-09,41.05
120586,2020-03-11,40.85
120586,2020-03-12,37.53
120586,2020-03-13,38.85
120586,2020-03-16,36.27
120586,2020-03-17,35.39
120586,2020-03-18,33.55
120586,2020-03-19,32.83
120586,2020-03-20,34.43
120586,2020-03-23,30.12
120586,2020-03-24,30.82
120586,2020-03-25,32.6
120586,2020-03-26,33.75
120586,2020-03-27,33.74
120586,2020-03-30,32.66
120586,2020-03-31,33.81
120586,2020-04-01,32.52
120586,2020-04-03,31.94
120586,2020-04-07,34.62
120586,2020-04-08,34.63
120586,2020-04-09,36.1
120586,2020-04-13,35.82
120586,2020-04-15,35.65
120586,2020-04-16,35.97
120586,2020-04-17,37.11
120586,2020-04-20,36.96
120586,2020-04-21,35.84
120586,2020-04-22,36.35
120586,2020-04-23,36.73
120586,2020-04-24,36.06
120586,2020-04-27,36.55
120586,2020-04-28,36.76
120586,2020-04-29,37.35
120586,2020-04-30,38.56
120586,2020-05-04,36.55
120586,2020-05-05,36.25
120586,2020-05-06,36.58
120586,2020-05-07,36.23
120586,2020-05-08,36.38
120586,2020-05-11,36.45
120586,2020-05-12,36.51
120586,2020-05-13,37.21
120586,2020-05-14,36.29
120586,2020-05-15,36.35
120586,2020-05-18,35.04
120586,2020-05-19,35.43
120586,2020-05-20,36.13
120586,2020-05-21,36.43
120586,2020-05-22,36.18
120586,2020-05-26,36.25
120586,2020-05-27,37.13
120586,2020-05-28,37.83
120586,2020-05-29,38.25
120586,2020-06-01,39.04
120586,2020-06-02,39.51
120586,2020-06-03,39.75
120586,2020-06-04,39.81
120586,2020-06-05,40.46
120586,2020-06-08,40.5
120586,2020-06-09,39.91
120586,2020-06-10,39.99
120586,2020-06-11,39.19
120586,2020-06-12,39.44
120586,2020-06-15,38.83
120586,2020-06-16,39.17
120586,2020-06-17,39.24
120586,2020-06-18,39.85
120586,2020-06-19,40.34
120586,2020-06-22,40.64
120586,2020-06-23,41.28
120586,2020-06-24,40.56
120586,2020-06-25,40.47
120586,2020-06-26,40.89
120586,2020-06-29,40.55
120586,2020-06-30,40.56
120586,2020-07-01,40.9
120586,2020-07-02,41.35
120586,2020-07-03,41.59
120586,2020-07-06,42.12
120586,2020-07-07,42.22
120586,2020-07-08,41.85
120586,2020-07-09,42.21
120586,2020-07-10,42.02
120586,2020-07-13,42.18
120586,2020-07-14,41.46
120586,2020-07-15,41.51
120586,2020-07-16,41.94
120586,2020-07-17,42.55
120586,2020-07-20,42.93
120586,2020-07-21,43.5
120586,2020-07-22,43.42
120586,2020-07-23,43.71
120586,2020-07-24,43.46
120586,2020-07-27,43.18
120586,2020-07-28,43.68
120586,2020-07-29,43.39
120586,2020-07-30,43.07
120586,2020-07-31,43.06
120586,2020-08-03,42.54
120586,2020-08-04,43.1
120586,2020-08-05,43.26
120586,2020-08-06,43.61
120586,2020-08-07,43.61
120586,2020-08-10,43.85
120586,2020-08-11,44.04
120586,2020-08-12,44.15
120586,2020-08-13,44.36
120586,2020-08-14,43.84
120586,2020-08-17,44.24
120586,2020-08-18,44.76
120586,2020-08-19,44.9
120586,2020-08-20,44.67
120586,2020-08-21,44.87
120586,2020-08-24,45.1
120586,2020-08-25,45.13
120586,2020-08-26,45.31
120586,2020-08-27,45.32
120586,2020-08-28,45.67
120586,2020-08-31,44.59
120586,2020-09-01,44.98
120586,2020-09-02,45.27
120586,2020-09-03,45.3
120586,2020-09-04,44.49
120586,2020-09-07,44.49
120586,2020-09-08,44.25
120586,2020-09-09,44.02
120586,2020-09-10,44.53
120586,2020-09-11,44.6
120586,2020-09-14,44.5
120586,2020-09-15,44.84
120586,2020-09-16,45.09
120586,2020-09-17,44.8
120586,2020-09-18,44.82
120586,2020-09-21,43.69
120586,2020-09-22,43.28
120586,2020-09-23,43.14
120586,2020-09-24,41.92
120586,2020-09-25,42.96
120586,2020-09-28,43.73
120586,2020-09-29,43.61
120586,2020-09-30,43.58
120586,2020-10-01,44.15
120586,2020-10-05,44.36
120586,2020-10-06,44.79
120586,2020-10-07,44.9
120586,2020-10-08,45.23
120586,2020-10-09,45.59
120586,2020-10-12,45.42
120586,2020-10-13,45.35
120586,2020-10-14,45.4
120586,2020-10-15,44.4
120586,2020-10-16,44.82
120586,2020-10-19,45.31
120586,2020-10-20,45.47
120586,2020-10-21,45.73
120586,2020-10-22,45.67
120586,2020-10-23,45.86
120586,2020-10-26,45.21
120586,2020-10-27,45.53
120586,2020-10-28,45.07
120586,2020-10-29,44.83
120586,2020-10-30,44.74
120586,2020-11-02,45.11
120586,2020-11-03,45.68
120586,2020-11-04,45.91
120586,2020-11-05,46.72
120586,2020-11-06,47.07
120586,2020-11-09,48.0
120586,2020-11-10,48.63
120586,2020-11-11,49.29
120586,2020-11-12,49.13
120586,2020-11-13,49.23
120586,2020-11-17,49.79
120586,2020-11-18,49.98
120586,2020-11-19,49.33
120586,2020-11-20,49.63
120586,2020-11-23,49.79
120586,2020-11-24,50.29
120586,2020-11-25,49.57
120586,2020-11-26,49.95
120586,2020-11-27,49.84
120586,2020-12-01,50.63
120586,2020-12-02,50.72
120586,2020-12-03,50.91
120586,2020-12-04,51.52
120586,2020-12-07,51.96
120586,2020-12-08,52.07
120586,2020-12-09,52.48
120586,2020-12-10,52.26
120586,2020-12-11,52.42
120586,2020-12-14,52.68
120586,2020-12-15,52.63
120586,2020-12-16,52.97
120586,2020-12-17,52.97
120586,2020-12-18,53.08
120586,2020-12-21,51.25
120586,2020-12-22,51.84
120586,2020-12-23,52.47
120586,2020-12-24,53.02
120586,2020-12-28,53.51
120586,2020-12-29,53.69
120586,2020-12-30,53.82
120586,2020-12-31,53.97
120586,2021-01-01,54.08
120586,2021-01-04,54.73
120586,2021-01-05,55.03
120586,2021-01-06,55.02
120586,2021-01-07,55.26
120586,2021-01-08,56.01
120586,2021-01-11,56.48
120586,2021-01-12,56.89
120586,2021-01-13,57.04
120586,2021-01-14,56.99
120586,2021-01-15,56.4
120586,2021-01-18,55.58
120586,2021-01-19,56.39
120586,2021-01-20,56.74
120586,2021-01-21,56.31
120586,2021-01-22,55.54
120586,2021-01-25,55.24
120586,2021-01-27,54.34
120586,2021-01-28,54.03
120586,2021-01-29,53.44
120586,2021-02-01,55.91
120586,2021-02-02,57.32
120586,2021-02-03,57.94
120586,2021-02-04,58.33
120586,2021-02-05,58.02
120586,2021-02-08,58.88
120586,2021-02-09,59.02
120586,2021-02-10,58.9
120586,2021-02-11,59.1
120586,2021-02-12,59.09
120586,2021-02-15,59.77
120586,2021-02-16,59.78
120586,2021-02-17,59.59
120586,2021-02-18,59.45
120586,2021-02-19,58.7
120586,2021-02-22,57.57
120586,2021-02-23,57.87
120586,2021-02-24,58.9
120586,2021-02-25,59.31
120586,2021-02-26,57.41
120586,2021-03-01,58.11
120586,2021-03-02,58.79
120586,2021-03-03,59.94
120586,2021-03-04,59.32
120586,2021-03-05,58.8
120586,2021-03-08,58.98
120586,2021-03-09,59.33
120586,2021-03-10,59.61
120586,2021-03-12,59.05
120586,2021-03-15,58.78
120586,2021-03-16,58.65
120586,2021-03-17,57.82
120586,2021-03-18,57.24
120586,2021-03-19,57.81
120586,2021-03-22,57.73
120586,2021-03-23,58.07
120586,2021-03-24,56.99
120586,2021-03-25,56.18
120586,2021-03-26,56.88
120586,2021-03-30,57.89
120586,2021-03-31,57.42
120586,2021-04-01,58.14
120586,2021-04-05,57.26
120586,2021-04-06,57.2
120586,2021-04-07,57.79
120586,2021-04-08,57.91
120586,2021-04-09,57.71
120586,2021-04-12,55.63
120586,2021-04-13,56.5
120586,2021-04-15,56.81
120586,2021-04-16,57.0
120586,2021-04-19,56.07
120586,2021-04-20,55.85
120586,2021-04-22,56.29
120586,2021-04-23,56.11
120586,2021-04-26,56.77
120586,2021-04-27,57.38
120586,2021-04-28,58.25
120586,2021-04-29,58.28
120586,2021-04-30,57.58
120586,2021-05-03,57.68
120586,2021-05-04,57.24
120586,2021-05-05,57.78
120586,2021-05-06,58.19
120586,2021-05-07,58.58
120586,2021-05-10,59.08
120586,2021-05-11,58.96
120586,2021-05-12,58.39
120586,2021-05-14,58.13
120586,2021-05-17,58.9
120586,2021-05-18,59.55
120586,2021-05-19,59.35
120586,2021-05-20,58.87
120586,2021-05-21,59.79
120586,2021-05-24,59.98
120586,2021-05-25,60.04
120586,2021-05-26,60.34
120586,2021-05-27,60.44
120586,2021-05-28,60.55
120586,2021-05-31,61.17
120586,2021-06-01,60.98
120586,2021-06-02,61.0
120586,2021-06-03,61.49
120586,2021-06-04,61.51
120586,2021-06-07,61.94
120586,2021-06-08,61.98
120586,2021-06-09,61.6
120586,2021-06-10,61.94
120586,2021-06-11,62.03
120586,2021-06-14,62.11
120586,2021-06-15,62.41
120586,2021-06-16,62.0
120586,2021-06-17,61.64
120586,2021-06-18,61.52
120586,2021-06-21,61.72
120586,2021-06-22,61.96
120586,2021-06-23,61.62
120586,2021-06-24,61.98
120586,2021-06-25,62.52
120586,2021-06-28,62.5
120586,2021-06-29,62.12
120586,2021-06-30,62.06
120586,2021-07-01,61.92
120586,2021-07-02,62.05
120586,2021-07-05,62.48
120586,2021-07-06,62.44
120586,2021-07-07,62.64
120586,2021-07-08,62.12
120586,2021-07-09,62.06
120586,2021-07-12,62.07
120586,2021-07-13,62.63
120586,2021-07-14,62.89
120586,2021-07-15,63.22
120586,2021-07-16,63.27
120586,2021-07-19,62.62
120586,2021-07-20,61.93
120586,2021-07-22,62.84
120586,2021-07-23,63.08
120586,2021-07-26,63.06
120586,2021-07-27,62.87
120586,2021-07-28,62.92
120586,2021-07-29,63.17
120586,2021-07-30,63.31
120586,2021-08-02,63.71
120586,2021-08-03,64.55
120586,2021-08-04,64.92
120586,2021-08-05,65.1
120586,2021-08-06,64.95
120586,2021-08-09,64.94
120586,2021-08-10,65.06
120586,2021-08-11,65.09
120586,2021-08-12,65.46
120586,2021-08-13,66.04
120586,2021-08-16,66.02
120586,2021-08-17,65.94
120586,2021-08-18,65.69
120586,2021-08-20,64.85
120586,2021-08-23,64.97
120586,2021-08-24,65.58
120586,2021-08-25,65.6
120586,2021-08-26,65.5
120586,2021-08-27,65.86
120586,2021-08-30,66.84
120586,2021-08-31,67.62
120586,2021-09-01,67.53
120586,2021-09-02,67.91
120586,2021-09-03,68.18
120586,2021-09-06,68.34
120586,2021-09-07,68.27
120586,2021-09-08,68.26
120586,2021-09-09,68.35
120586,2021-09-13,68.31
120586,2021-09-14,68.46
120586,2021-09-15,69.1
120586,2021-09-16,69.49
120586,2021-09-17,69.47
120586,2021-09-20,68.68
120586,2021-09-21,69.08
120586,2021-09-22,69.16
120586,2021-09-23,70.24
120586,2021-09-24,70.35
120586,2021-09-27,70.45
120586,2021-09-28,70.03
120586,2021-09-29,69.93
120586,2021-09-30,69.63
120586,2021-10-01,69.35
120586,2021-10-04,69.91
120586,2021-10-05,70.43
120586,2021-10-06,69.69
120586,2021-10-07,70.21
120586,2021-10-08,70.53
120586,2021-10-11,71.09
120586,2021-10-12,71.12
120586,2021-10-13,71.67
120586,2021-10-14,72.43
120586,2021-10-18,72.92
120586,2021-10-19,72.86
120586,2021-10-20,72.35
120586,2021-10-21,72.17
120586,2021-10-22,71.95
120586,2021-10-25,72.3
120586,2021-10-26,72.85
120586,2021-10-27,72.7
120586,2021-10-28,71.38
120586,2021-10-29,70.85
120586,2021-11-01,71.86
120586,2021-11-02,71.91
120586,2021-11-03,71.79
120586,2021-11-08,72.63
120586,2021-11-09,72.69
120586,2021-11-10,72.78
120586,2021-11-11,72.2
120586,2021-11-12,72.95
120586,2021-11-15,72.84
120586,2021-11-16,72.55
120586,2021-11-17,72.27
120586,2021-11-18,71.62
120586,2021-11-22,70.47
120586,2021-11-23,70.89
120586,2021-11-24,70.62
120586,2021-11-25,70.87
120586,2021-11-26,68.85
120586,2021-11-29,68.7
120586,2021-11-30,68.51
120586,2021-12-01,69.09
120586,2021-12-02,69.76
120586,2021-12-03,69.14
120586,2021-12-06,68.09
120586,2021-12-07,69.15
120586,2021-12-08,70.35
120586,2021-12-09,70.51
120586,2021-12-10,70.44
120586,2021-12-13,70.22
120586,2021-12-14,70.12
120586,2021-12-15,69.83
120586,2021-12-16,69.64
120586,2021-12-17,68.6
120586,2021-12-20,67.2
120586,2021-12-21,67.82
120586,2021-12-22,68.62
120586,2021-12-23,68.99
120586,2021-12-24,68.69
120586,2021-12-27,69.02
120586,2021-12-28,69.61
120586,2021-12-29,69.57
120586,2021-12-30,69.55
120586,2021-12-31,70.14
120586,2022-01-03,71.08
120586,2022-01-04,71.62
120586,2022-01-05,71.99
120586,2022-01-06,71.56
120586,2022-01-07,71.8
120586,2022-01-10,72.62
120586,2022-01-11,72.81
120586,2022-01-12,73.49
120586,2022-01-13,73.64
120586,2022-01-14,73.58
120586,2022-01-17,73.68
120586,2022-01-18,72.89
120586,2022-01-19,72.47
120586,2022-01-20,72.04
120586,2022-01-21,71.35
120586,2022-01-24,69.82
120586,2022-01-25,70.61
120586,2022-01-27,70.17
120586,2022-01-28,70.01
120586,2022-01-31,70.97
120586,2022-02-01,71.88
120586,2022-02-02,72.46
120586,2022-02-03,71.77
120586,2022-02-04,71.6
120586,2022-02-07,70.55
120586,2022-02-08,70.73
120586,2022-02-09,71.48
120586,2022-02-10,72.06
120586,2022-02-11,71.19
120586,2022-02-14,68.98
120586,2022-02-15,70.73
120586,2022-02-16,70.63
120586,2022-02-17,70.51
120586,2022-02-18,70.41
120586,2022-02-21,70.18
120586,2022-02-22,69.79
120586,2022-02-23,69.67
120586,2022-02-24,66.66
120586,2022-02-25,68.2
120586,2022-02-28,68.59
120586,2022-03-02,67.77
120586,2022-03-03,67.26
120586,2022-03-04,66.22
120586,2022-03-07,64.88
120586,2022-03-08,65.47
120586,2022-03-09,66.54
120586,2022-03-10,67.41
120586,2022-03-11,67.66
120586,2022-03-14,68.59
120586,2022-03-15,67.91
120586,2022-03-16,69.02
120586,2022-03-17,70.09
120586,2022-03-21,69.46
120586,2022-03-22,70.09
120586,2022-03-23,69.81
120586,2022-03-24,69.71
120586,2022-03-25,69.4
120586,2022-03-28,69.65
120586,2022-03-29,70.15
120586,2022-03-30,70.67
120586,2022-03-31,70.64
120586,2022-04-01,71.34
120586,2022-04-04,72.79
120586,2022-04-05,72.47
120586,2022-04-06,72.08
120586,2022-04-07,71.74
120586,2022-04-08,72.2
120586,2022-04-11,71.82
120586,2022-04-12,71.28
120586,2022-04-13,71.16
120586,2022-04-18,70.28
120586,2022-04-19,69.49
120586,2022-04-20,70.06
120586,2022-04-21,70.8
120586,2022-04-22,70.0
120586,2022-04-25,69.17
120586,2022-04-26,69.94
120586,2022-04-27,69.33
120586,2022-04-28,70.13
120586,2022-04-29,69.36
120586,2022-05-02,69.06
120586,2022-05-04,67.67
120586,2022-05-05,67.87
120586,2022-05-06,66.9
120586,2022-05-09,66.51
120586,2022-05-10,66.19
120586,2022-05-11,65.98
120586,2022-05-12,64.74
120586,2022-05-13,64.39
120586,2022-05-16,64.74
120586,2022-05-17,66.33
120586,2022-05-18,66.17
120586,2022-05-19,64.61
120586,2022-05-20,66.22
120586,2022-05-23,66.16
120586,2022-05-24,65.72
120586,2022-05-25,65.5
120586,2022-05-26,66.18
120586,2022-05-27,66.8
120586,2022-05-30,67.99
120586,2022-05-31,67.98
120586,2022-06-01,67.67
120586,2022-06-02,67.99
120586,2022-06-03,67.68
120586,2022-06-06,67.58
120586,2022-06-07,67.13
120586,2022-06-08,66.86
120586,2022-06-09,67.43
120586,2022-06-10,66.65
120586,2022-06-13,65.13
120586,2022-06-14,65.04
120586,2022-06-15,64.92
120586,2022-06-16,63.67
120586,2022-06-17,63.23
120586,2022-06-20,63.12
120586,2022-06-21,64.25
120586,2022-06-22,63.39
120586,2022-06-23,64.06
120586,2022-06-24,64.54
120586,2022-06-27,65.19
120586,2022-06-28,65.38
120586,2022-06-29,65.24
120586,2022-06-30,65.23
120586,2022-07-01,65.09
120586,2022-07-04,65.53
120586,2022-07-05,65.41
120586,2022-07-06,65.96
120586,2022-07-07,66.6
120586,2022-07-08,67.13
120586,2022-07-11,67.08
120586,2022-07-12,66.5
120586,2022-07-13,66.21
120586,2022-07-14,66.07
120586,2022-07-15,66.45
120586,2022-07-18,67.43
120586,2022-07-19,67.62
120586,2022-07-20,68.22
120586,2022-07-21,68.62
120586,2022-07-22,68.97
120586,2022-07-25,68.65
120586,2022-07-26,67.99
120586,2022-07-27,68.53
120586,2022-07-28,69.27
120586,2022-07-29,70.25
120586,2022-08-01,70.97
120586,2022-08-02,70.75
120586,2022-08-03,70.81
120586,2022-08-04,70.88
120586,2022-08-05,71.05
120586,2022-08-08,71.57
120586,2022-08-10,71.73
120586,2022-08-11,72.15
120586,2022-08-12,72.38
120586,2022-08-16,73.02
120586,2022-08-17,73.42
120586,2022-08-18,73.57
120586,2022-08-19,72.98
120586,2022-08-22,71.91
120586,2022-08-23,72.22
120586,2022-08-24,72.34
120586,2022-08-25,72.14
120586,2022-08-26,72.28
120586,2022-08-29,71.37
120586,2022-08-30,72.86
120586,2022-09-01,72.15
120586,2022-09-02,72.09
120586,2022-09-05,72.62
120586,2022-09-06,72.74
120586,2022-09-07,72.69
120586,2022-09-08,73.35
120586,2022-09-09,73.45
120586,2022-09-12,73.95
120586,2022-09-13,74.4
120586,2022-09-14,73.99
120586,2022-09-15,73.59
120586,2022-09-16,72.25
120586,2022-09-19,72.44
120586,2022-09-20,73.25
120586,2022-09-21,72.79
120586,2022-09-22,72.37
120586,2022-09-23,71.36
120586,2022-09-26,70.28
120586,2022-09-27,70.18
120586,2022-09-28,69.71
120586,2022-09-29,69.61
120586,2022-09-30,70.76
120586,2022-10-03,70.19
120586,2022-10-04,71.56
120586,2022-10-06,71.99
120586,2022-10-07,71.94
120586,2022-10-10,71.75
120586,2022-10-11,70.74
120586,2022-10-12,71.21
120586,2022-10-13,70.78
120586,2022-10-14,71.36
120586,2022-10-17,71.73
120586,2022-10-18,72.45
120586,2022-10-19,72.54
120586,2022-10-20,72.7
120586,2022-10-21,73.1
120586,2022-10-25,73.84
120586,2022-10-27,74.28
120586,2022-10-28,74.35
120586,2022-10-31,75.13
120586,2022-11-01,75.42
120586,2022-11-02,75.15
120586,2022-11-03,74.99
120586,2022-11-04,74.97
120586,2022-11-07,75.35
120586,2022-11-09,75.09
120586,2022-11-10,74.6
120586,2022-11-11,75.65
120586,2022-11-14,75.62
120586,2022-11-15,75.94
120586,2022-11-16,75.94
120586,2022-11-17,75.78
120586,2022-11-18,75.55
120586,2022-11-21,75.13
120586,2022-11-22,75.41
120586,2022-11-23,75.49
120586,2022-11-24,76.26
120586,2022-11-25,76.45
120586,2022-11-28,76.76
120586,2022-11-29,76.96
120586,2022-11-30,77.55
120586,2022-12-01,77.85
120586,2022-12-02,77.58
120586,2022-12-05,77.49
120586,2022-12-06,77.18
120586,2022-12-07,77.01
120586,2022-12-08,77.34
120586,2022-12-09,76.79
120586,2022-12-12,76.87
120586,2022-12-13,77.23
120586,2022-12-14,77.39
120586,2022-12-15,76.64
120586,2022-12-16,76.06
120586,2022-12-19,76.54
120586,2022-12-20,76.36
120586,2022-12-21,75.64
120586,2022-12-22,75.39
120586,2022-12-23,74.1
120586,2022-12-26,75.03
120586,2022-12-27,75.54
120586,2022-12-28,75.44
120586,2022-12-29,75.81
120586,2022-12-30,75.42
120586,2023-01-02,75.84
120586,2023-01-03,75.99
120586,2023-01-04,75.33
120586,2023-01-05,75.26
120586,2023-01-06,74.81
120586,2023-01-09,75.71
120586,2023-01-10,75.05
120586,2023-01-11,75.07
120586,2023-01-12,75.01
120586,2023-01-13,75.31
120586,2023-01-16,74.99
120586,2023-01-17,75.55
120586,2023-01-18,76.04
120586,2023-01-19,75.95
120586,2023-01-20,75.58
120586,2023-01-23,75.73
120586,2023-01-24,75.6
120586,2023-01-25,74.85
120586,2023-01-27,73.87
120586,2023-01-30,73.93
120586,2023-01-31,74.19
120586,2023-02-01,73.9
120586,2023-02-02,74.12
120586,2023-02-03,74.82
120586,2023-02-06,74.57
120586,2023-02-07,74.28
120586,2023-02-08,74.74
120586,2023-02-09,74.84
120586,2023-02-10,74.72
120586,2023-02-13,74.34
120586,2023-02-14,74.78
120586,2023-02-15,75.2
120586,2023-02-16,75.29
120586,2023-02-17,75.07
120586,2023-02-20,74.84
120586,2023-02-21,74.74
120586,2023-02-22,73.79
120586,2023-02-23,73.64
120586,2023-02-24,73.5
120586,2023-02-27,73.27
120586,2023-02-28,72.89
120586,2023-03-01,73.41
120586,2023-03-02,72.91
120586,2023-03-03,73.78
120586,2023-03-06,74.15
120586,2023-03-08,74.33
120586,2023-03-09,73.77
120586,2023-03-10,73.15
120586,2023-03-13,72.19
120586,2023-03-14,72.03
120586,2023-03-15,71.7
120586,2023-03-16,71.78
120586,2023-03-17,72.24
120586,2023-03-20,71.83
120586,2023-03-21,72.49
120586,2023-03-22,72.67
120586,2023-03-23,72.39
120586,2023-03-24,71.81
120586,2023-03-27,71.89
120586,2023-03-28,71.64
120586,2023-03-29,72.09
120586,2023-03-31,73.2
120586,2023-04-03,73.53
120586,2023-04-05,74.05
120586,2023-04-06,74.13
120586,2023-04-10,74.29
120586,2023-04-11,74.58
120586,2023-04-12,74.88
120586,2023-04-13,74.8
120586,2023-04-17,74.23
120586,2023-04-18,74.15
120586,2023-04-19,73.95
120586,2023-04-20,74.03
120586,2023-04-21,73.73
120586,2023-04-24,74.2
120586,2023-04-25,74.29
120586,2023-04-26,74.48
120586,2023-04-27,74.86
120586,2023-04-28,75.45
120586,2023-05-02,75.91
120586,2023-05-03,75.62
120586,2023-05-04,76.1
120586,2023-05-05,75.75
120586,2023-05-08,76.49
120586,2023-05-09,76.54
120586,2023-05-10,76.73
120586,2023-05-11,76.54
120586,2023-05-12,76.45
120586,2023-05-15,76.84
120586,2023-05-16,76.6
120586,2023-05-17,76.23
120586,2023-05-18,76.06
120586,2023-05-19,76.37
120586,2023-05-22,76.62
120586,2023-05-23,76.67
120586,2023-05-24,76.51
120586,2023-05-25,76.65
120586,2023-05-26,77.37
120586,2023-05-29,77.72
120586,2023-05-30,77.86
120586,2023-05-31,77.58
120586,2023-06-01,77.39
120586,2023-06-02,77.74
120586,2023-06-05,78.2
120586,2023-06-06,78.32
120586,2023-06-07,78.89
120586,2023-06-08,78.61
120586,2023-06-09,78.48
120586,2023-06-12,78.69
120586,2023-06-13,79.16
120586,2023-06-14,79.29
120586,2023-06-15,79.06
120586,2023-06-16,79.62
120586,2023-06-19,79.24
120586,2023-06-20,79.58
120586,2023-06-21,79.77
120586,2023-06-22,79.48
120586,2023-06-23,78.99
120586,2023-06-26,79.2
120586,2023-06-27,79.73
120586,2023-06-28,80.29
120586,2023-06-30,81.17
120586,2023-07-03,81.54
120586,2023-07-04,81.54
120586,2023-07-05,81.84
120586,2023-07-06,82.26
120586,2023-07-07,81.72
120586,2023-07-10,81.81
120586,2023-07-11,82.26
120586,2023-07-12,82.11
120586,2023-07-13,82.25
120586,2023-07-14,82.81
120586,2023-07-17,83.24
120586,2023-07-18,83.46
120586,2023-07-19,83.72
120586,2023-07-20,84.23
120586,2023-07-21,83.58
120586,2023-07-24,83.44
120586,2023-07-25,83.52
120586,2023-07-26,84.17
120586,2023-07-27,83.97
120586,2023-07-28,84.03
120586,2023-07-31,84.55
120586,2023-08-01,84.45
120586,2023-08-02,83.64
120586,2023-08-03,83.12
120586,2023-08-04,83.68
120586,2023-08-07,84.01
120586,2023-08-08,84.03
120586,2023-08-09,84.29
120586,2023-08-10,84.04
120586,2023-08-11,83.6
120586,2023-08-14,83.68
120586,2023-08-16,83.96
120586,2023-08-17,83.54
120586,2023-08-18,83.28
120586,2023-08-21,83.6
120586,2023-08-22,83.71
120586,2023-08-23,84.04
120586,2023-08-24,83.84
120586,2023-08-25,83.32
120586,2023-08-28,83.69
120586,2023-08-29,83.81
120586,2023-08-30,83.88
120586,2023-08-31,83.73
120586,2023-09-01,84.45
120586,2023-09-04,84.98
120586,2023-09-05,85.1
120586,2023-09-06,85.17
120586,2023-09-07,85.85
120586,2023-09-08,86.34
120586,2023-09-11,86.99
120586,2023-09-12,86.79
120586,2023-09-13,87.12
120586,2023-09-14,87.42
120586,2023-09-15,87.83
120586,2023-09-18,87.58
120586,2023-09-20,86.82
120586,2023-09-21,86.11
120586,2023-09-22,85.87
120586,2023-09-25,85.8
120586,2023-09-26,85.72
120586,2023-09-27,86.11
120586,2023-09-29,86.16
120586,2023-10-03,85.73
120586,2023-10-04,84.96
120586,2023-10-05,85.42
120586,2023-10-06,85.8
120586,2023-10-09,85.23
120586,2023-10-10,86.06
120586,2023-10-11,86.58
120586,2023-10-12,86.62
120586,2023-10-13,86.48
120586,2023-10-16,86.57
120586,2023-10-17,86.85
120586,2023-10-18,86.34
120586,2023-10-19,86.23
120586,2023-10-20,85.78
120586,2023-10-23,84.68
120586,2023-10-25,84.03
120586,2023-10-26,83.19
120586,2023-10-27,84.08
120586,2023-10-30,84.52
120586,2023-10-31,84.33
120586,2023-11-01,84.03
120586,2023-11-02,84.72
120586,2023-11-03,85.24
120586,2023-11-06,85.98
120586,2023-11-07,86.1
120586,2023-11-08,86.28
120586,2023-11-09,86.19
120586,2023-11-10,86.31
120586,2023-11-13,86.43
120586,2023-11-15,87.5
120586,2023-11-16,87.87
120586,2023-11-17,87.89
120586,2023-11-20,87.72
120586,2023-11-21,88.07
120586,2023-11-22,88.24
120586,2023-11-23,88.24
120586,2023-11-24,88.27
120586,2023-11-28,88.78
120586,2023-11-29,89.68
120586,2023-11-30,90.18
120586,2023-12-01,90.83
120586,2023-12-04,92.52
120586,2023-12-05,92.99
120586,2023-12-06,93.16
120586,2023-12-07,93.08
120586,2023-12-08,93.33
120586,2023-12-11,93.57
120586,2023-12-12,93.24
120586,2023-12-13,93.49
120586,2023-12-14,94.56
120586,2023-12-15,95.4
120586,2023-12-18,95.23
120586,2023-12-19,95.3
120586,2023-12-20,93.73
120586,2023-12-21,94.19
120586,2023-12-22,94.82
120586,2023-12-26,95.3
120586,2023-12-27,96.25
120586,2023-12-28,96.83
120586,2023-12-29,96.64
120586,2024-01-01,96.72
120586,2024-01-02,96.32
120586,2024-01-03,95.87
120586,2024-01-04,96.45
120586,2024-01-05,96.74
120586,2024-01-08,96.18
120586,2024-01-09,96.6
120586,2024-01-10,96.82
120586,2024-01-11,97.12
120586,2024-01-12,98.01
120586,2024-01-15,98.83
120586,2024-01-16,98.55
120586,2024-01-17,97.39
120586,2024-01-18,97.39
120586,2024-01-19,98.47
120586,2024-01-23,97.12
120586,2024-01-24,98.1
120586,2024-01-25,97.73
120586,2024-01-29,99.63
120586,2024-01-30,98.83
120586,2024-01-31,99.64
120586,2024-02-01,99.54
120586,2024-02-02,100.31
120586,2024-02-05,100.04
120586,2024-02-06,101.13
120586,2024-02-07,101.34
120586,2024-02-08,100.75
120586,2024-02-09,100.9
120586,2024-02-12,99.96
120586,2024-02-13,100.58
120586,2024-02-14,101.2
120586,2024-02-15,101.44
120586,2024-02-16,102.14
120586,2024-02-19,102.34
120586,2024-02-20,102.65
120586,2024-02-21,102.01
120586,2024-02-22,102.92
120586,2024-02-23,102.93
120586,2024-02-26,102.67
120586,2024-02-27,102.98
120586,2024-02-28,101.9
120586,2024-02-29,102.24
120586,2024-03-01,103.79
120586,2024-03-04,104.31
120586,2024-03-05,104.3
120586,2024-03-06,104.62
120586,2024-03-07,104.51
120586,2024-03-11,104.1
120586,2024-03-12,103.84
120586,2024-03-13,101.99
120586,2024-03-14,102.94
120586,2024-03-15,102.21
120586,2024-03-18,102.56
120586,2024-03-19,101.48
120586,2024-03-20,101.77
120586,2024-03-21,102.72
120586,2024-03-22,103.41
120586,2024-03-26,103.44
120586,2024-03-27,104.0
120586,2024-03-28,104.8
120586,2024-03-31,104.8
120586,2024-04-01,105.4
120586,2024-04-02,105.17
120586,2024-04-03,105.06
120586,2024-04-04,105.06
120586,2024-04-05,104.89
120586,2024-04-08,105.85
120586,2024-04-09,105.74
120586,2024-04-10,106.26
120586,2024-04-12,105.15
120586,2024-04-15,104.17
120586,2024-04-16,103.72
120586,2024-04-18,103.24
120586,2024-04-19,103.44
120586,2024-04-22,104.57
120586,2024-04-23,104.78
120586,2024-04-24,105.09
120586,2024-04-25,105.94
120586,2024-04-26,105.76
120586,2024-04-29,106.68
120586,2024-04-30,106.65
120586,2024-05-02,106.89
120586,2024-05-03,106.05
120586,2024-05-06,105.77
120586,2024-05-07,104.83
120586,2024-05-08,105.35
120586,2024-05-09,103.81
120586,2024-05-10,104.55
120586,2024-05-13,104.82
120586,2024-05-14,105.41
120586,2024-05-15,105.68
120586,2024-05-16,106.53
120586,2024-05-17,106.91
120586,2024-05-21,107.08
120586,2024-05-22,107.35
120586,2024-05-23,108.78
120586,2024-05-24,108.82
120586,2024-05-27,108.59
120586,2024-05-28,108.35
120586,2024-05-29,107.42
120586,2024-05-30,106.59
120586,2024-05-31,106.71
120586,2024-06-03,110.01
120586,2024-06-04,103.62
120586,2024-06-05,106.83
120586,2024-06-06,107.72
120586,2024-06-07,109.71
120586,2024-06-10,110.02
120586,2024-06-11,110.16
120586,2024-06-12,110.55
120586,2024-06-13,110.89
120586,2024-06-14,111.29
120586,2024-06-18,111.48
120586,2024-06-19,110.81
120586,2024-06-20,111.01
120586,2024-06-21,110.67
120586,2024-06-24,110.95
120586,2024-06-25,111.56
120586,2024-06-26,112.29
120586,2024-06-27,113.13
120586,2024-06-28,112.98
120586,2024-07-01,113.56
120586,2024-07-02,113.57
120586,2024-07-03,114.15
120586,2024-07-04,114.52
120586,2024-07-05,114.99
120586,2024-07-08,114.95
120586,2024-07-09,115.78
120586,2024-07-10,115.61
120586,2024-07-11,115.55
120586,2024-07-12,115.98
120586,2024-07-15,116.52
120586,2024-07-16,116.54
120586,2024-07-18,116.87
120586,2024-07-19,115.28
120586,2024-07-22,115.54
120586,2024-07-23,115.16
120586,2024-07-24,115.47
120586,2024-07-25,115.75
120586,2024-07-26,117.4
120586,2024-07-29,117.72
120586,2024-07-30,117.9
120586,2024-07-31,118.55
120586,2024-08-01,118.79
120586,2024-08-02,117.19
120586,2024-08-05,114.29
120586,2024-08-06,113.93
120586,2024-08-07,115.74
120586,2024-08-08,114.89
120586,2024-08-09,115.87
120586,2024-08-12,115.99
120586,2024-08-13,115.17
120586,2024-08-14,115.02
120586,2024-08-16,116.58
120586,2024-08-19,116.67
120586,2024-08-20,117.41
120586,2024-08-21,117.64
120586,2024-08-22,117.98
120586,2024-08-23,118.16
120586,2024-08-26,118.83
120586,2024-08-27,119.24
120586,2024-08-28,119.4
120586,2024-08-29,119.62
120586,2024-08-30,120.13
120586,2024-09-02,120.24
120586,2024-09-03,120.38
120586,2024-09-04,120.18
120586,2024-09-05,119.97
120586,2024-09-06,118.62
120586,2024-09-09,118.84
120586,2024-09-10,119.24
120586,2024-09-11,118.75
120586,2024-09-12,120.66
120586,2024-09-13,120.5
120586,2024-09-16,120.8
120586,2024-09-17,121.06
120586,2024-09-18,120.82
120586,2024-09-19,120.89
120586,2024-09-20,122.55
120586,2024-09-23,123.4
120586,2024-09-24,123.44
120586,2024-09-25,123.73
120586,2024-09-26,124.6
120586,2024-09-27,124.42
120586,2024-09-30,122.7
120586,2024-10-01,122.69
120586,2024-10-03,120.24
120586,2024-10-04,119.29
120586,2024-10-07,118.15
120586,2024-10-08,119.11
120586,2024-10-09,119.42
120586,2024-10-10,119.29
120586,2024-10-11,119.15
120586,2024-10-14,119.68
120586,2024-10-15,119.65
120586,2024-10-16,119.51
120586,2024-10-17,118.37
120586,2024-10-18,118.98
120586,2024-10-21,118.69
120586,2024-10-22,117.32
120586,2024-10-23,117.04
120586,2024-10-24,117.0
120586,2024-10-25,115.9
120586,2024-10-28,116.34
120586,2024-10-29,116.83
120586,2024-10-30,116.35
120586,2024-10-31,116.11
120586,2024-11-04,114.94
120586,2024-11-05,115.76
120586,2024-11-06,116.97
120586,2024-11-07,115.69
120586,2024-11-08,115.44
120586,2024-11-11,115.43
120586,2024-11-12,114.32
120586,2024-11-13,112.87
120586,2024-11-14,112.97
120586,2024-11-18,112.7
120586,2024-11-19,112.94
120586,2024-11-21,112.57
120586,2024-11-22,114.66
120586,2024-11-25,116.23
120586,2024-11-26,115.84
120586,2024-11-27,116.15
120586,2024-11-28,114.86
120586,2024-11-29,115.91
120586,2024-12-02,116.57
120586,2024-12-03,117.37
120586,2024-12-04,117.31
120586,2024-12-05,118.11
120586,2024-12-06,118.21
120586,2024-12-09,118.2
120586,2024-12-10,118.08
120586,2024-12-11,118.31
120586,2024-12-12,117.85
120586,2024-12-13,118.67
120586,2024-12-16,118.39
120586,2024-12-17,116.91
120586,2024-12-18,116.12
120586,2024-12-19,115.24
120586,2024-12-20,113.52
120586,2024-12-23,114.06
120586,2024-12-24,114.02
120586,2024-12-26,114.26
120586,2024-12-27,114.3
120586,2024-12-30,113.54
120586,2024-12-31,113.6
120586,2025-01-01,114.21
120586,2025-01-02,115.91
120586,2025-01-03,115.24
120586,2025-01-06,113.4
120586,2025-01-07,113.91
120586,2025-01-08,113.56
120586,2025-01-09,112.69
120586,2025-01-10,111.88
120586,2025-01-13,109.98
120586,2025-01-14,110.52
120586,2025-01-15,110.75
120586,2025-01-16,111.5
120586,2025-01-17,111.24
120586,2025-01-20,111.65
120586,2025-01-21,110.27
120586,2025-01-22,110.47
120586,2025-01-23,111.04
120586,2025-01-24,110.31
120586,2025-01-27,109.1
120586,2025-01-28,109.61
120586,2025-01-29,110.59
120586,2025-01-30,110.98
120586,2025-01-31,112.26
120586,2025-02-03,110.98
120586,2025-02-04,112.79
120586,2025-02-05,112.97
120586,2025-02-06,112.62
120586,2025-02-07,112.58
120586,2025-02-10,111.62
120586,2025-02-11,110.08
120586,2025-02-12,110.18
120586,2025-02-13,110.19
120586,2025-02-14,109.43
120586,2025-02-17,109.53
120586,2025-02-18,109.47
120586,2025-02-19,109.7
120586,2025-02-20,109.72
120586,2025-02-21,109.09
120586,2025-02-24,108.07
120586,2025-02-25,107.8
120586,2025-02-27,107.43
120586,2025-02-28,105.54
120586,2025-03-03,105.6
120586,2025-03-04,105.42
120586,2025-03-05,106.74
120586,2025-03-06,107.69
120586,2025-03-07,107.59
120586,2025-03-10,106.99
120586,2025-03-11,107.48
120586,2025-03-12,107.33
120586,2025-03-13,106.96
120586,2025-03-17,107.58
120586,2025-03-18,109.14
120586,2025-03-19,109.89
120586,2025-03-20,111.11
120586,2025-03-21,111.99
120586,2025-03-24,113.37
120586,2025-03-25,113.3
120586,2025-03-26,112.57
120586,2025-03-27,113.12
120586,2025-03-28,112.83
120586,2025-03-31,112.83
120586,2025-04-01,111.34
120586,2025-04-02,112.09
120586,2025-04-03,112.04
120586,2025-04-04,110.21
120586,2025-04-07,106.92
120586,2025-04-08,108.63
120586,2025-04-09,108.07
120586,2025-04-11,109.74
120586,2025-04-15,112.36
120586,2025-04-16,112.68
120586,2025-04-17,114.44
120586,2025-04-21,115.71
120586,2025-04-22,115.76
120586,2025-04-23,116.63
120586,2025-04-24,116.34
120586,2025-04-25,115.25
120586,2025-04-28,116.8
120586,2025-04-29,116.54
120586,2025-04-30,116.91
120586,2025-05-02,116.89
120586,2025-05-05,117.43
120586,2025-05-06,116.84
120586,2025-05-07,116.96
120586,2025-05-08,116.08
120586,2025-05-09,115.07
120586,2025-05-12,118.83
120586,2025-05-13,117.74
120586,2025-05-14,118.19
120586,2025-05-15,119.98
120586,2025-05-16,119.97
120586,2025-05-19,119.87
120586,2025-05-20,118.68
120586,2025-05-21,119.31
120586,2025-05-22,118.6
120586,2025-05-23,119.45
120586,2025-05-26,119.97
120586,2025-05-27,119.22
120586,2025-05-28,119.04
120586,2025-05-29,119.5
120586,2025-05-30,119.11
120586,2025-06-02,119.04
120586,2025-06-03,118.33
120586,2025-06-04,118.64
120586,2025-06-05,119.23
120586,2025-06-06,120.29
120586,2025-06-09,120.83
120586,2025-06-10,120.72
120586,2025-06-11,120.94
120586,2025-06-12,119.79
120586,2025-06-13,119.08
120586,2025-06-16,120.12
120586,2025-06-17,119.76
120586,2025-06-18,119.59
120586,2025-06-19,119.46
120586,2025-06-20,120.72
120586,2025-06-23,119.95
120586,2025-06-24,120.35
120586,2025-06-25,121.14
120586,2025-06-26,122.39
120586,2025-06-27,123.11
120586,2025-06-30,122.55
120586,2025-07-01,122.59
120586,2025-07-02,122.32
120586,2025-07-03,122.14
120586,2025-07-04,122.57
120586,2025-07-07,122.53
120586,2025-07-08,122.78
120586,2025-07-09,122.64
120586,2025-07-10,122.13
120586,2025-07-11,121.26
120586,2025-07-14,121.13
120586,2025-07-15,121.66
120586,2025-07-16,121.73
120586,2025-07-17,121.31
120586,2025-07-18,120.67
120586,2025-07-21,121.26
120586,2025-07-22,120.94
120586,2025-07-23,121.58
120586,2025-07-24,120.92
120586,2025-07-25,120.14
120586,2025-07-28,119.79
120586,2025-07-29,120.49
120586,2025-07-30,121.08
120586,2025-07-31,120.57
120586,2025-08-01,119.37
120586,2025-08-04,120.04
120586,2025-08-05,119.78
120586,2025-08-06,119.54
120586,2025-08-07,119.8
120586,2025-08-08,118.75
120586,2025-08-11,119.63
120586,2025-08-12,119.7
120586,2025-08-13,120.22
120586,2025-08-14,120.34
120586,2025-08-18,121.74
120586,2025-08-19,122.21
120586,2025-08-20,122.41
120586,2025-08-21,122.63
120586,2025-08-22,121.79
120586,2025-08-25,122.2
120586,2025-08-26,120.95
120586,2025-08-28,120.0
120586,2025-08-29,119.6
120586,2025-09-01,120.55
120586,2025-09-02,120.34
120586,2025-09-03,120.85
120586,2025-09-04,120.64
120586,2025-09-05,120.79
120586,2025-09-08,120.96
120586,2025-09-09,121.26
120586,2025-09-10,121.48
120586,2025-09-11,121.7
120586,2025-09-12,122.26
120586,2025-09-15,122.17
120586,2025-09-16,123.06
120586,2025-09-17,123.46
120586,2025-09-18,123.87
120586,2025-09-19,123.61
120586,2025-09-22,123.12
120586,2025-09-23,122.9
120586,2025-09-24,122.41
120586,2025-09-25,121.85
120586,2025-09-26,120.87
120586,2025-09-30,120.66
120586,2025-10-01,121.42
120586,2025-10-03,121.82
120586,2025-10-06,122.44
120586,2025-10-07,122.64
120586,2025-10-08,122.01
120586,2025-10-09,122.56
120586,2025-10-10,123.07
120586,2025-10-13,122.85
120586,2025-10-14,122.46
120586,2025-10-15,123.22
120586,2025-10-16,124.16
120586,2025-10-17,124.71
120586,2025-10-20,125.19
120586,2025-10-23,125.27
120586,2025-10-24,124.92
120586,2025-10-27,125.89
120586,2025-10-28,125.7
120586,2025-10-29,126.34
120586,2025-10-30,125.63
120586,2025-10-31,125.05
120586,2025-11-03,125.2
120586,2025-11-04,124.33
120586,2025-11-06,124.09
120586,2025-11-07,123.96
120586,2025-11-10,124.46
120586,2025-11-11,125.28
120586,2025-11-12,126.09
120586,2025-11-13,126.44
120586,2025-11-14,126.42
120586,2025-11-17,126.97
120586,2025-11-18,126.62
120586,2025-11-19,127.02
120586,2025-11-20,127.58
120586,2025-11-21,127.19
120586,2025-11-24,126.72
120586,2025-11-25,126.45
120586,2025-11-26,127.92
120586,2025-11-27,127.94
120586,2025-11-28,127.77
120586,2025-12-01,127.77
120586,2025-12-02,127.29
120586,2025-12-03,127.07
120586,2025-12-04,127.29
120586,2025-12-05,127.84
120586,2025-12-08,126.77
120586,2025-12-09,126.09
120586,2025-12-10,125.82
120586,2025-12-11,126.28
120586,2025-12-12,127.11
120586,2025-12-15,126.98
120586,2025-12-16,126.28
120586,2025-12-17,125.95
120586,2025-12-18,125.75
120586,2025-12-19,126.44
120586,2025-12-22,127.33
120586,2025-12-23,127.35
120586,2025-12-24,127.07
120586,2025-12-26,126.59
120586,2025-12-29,126.2
120586,2025-12-30,126.23
120586,2025-12-31,127.17
120586,2026-01-01,127.46
120586,2026-01-02,128.4
120586,2026-01-05,128.19
120586,2026-01-06,128.05
120586,2026-01-07,127.78
120586,2026-01-08,126.3
120586,2026-01-09,125.31
120586,2026-01-12,125.59
120586,2026-01-13,125.08
120586,2026-01-14,124.9
120586,2026-01-16,124.93
120586,2026-01-19,124.45
120586,2026-01-20,122.74
120586,2026-01-21,122.26
120586,2026-01-22,122.82
120586,2026-01-23,121.64
120586,2026-01-27,122.3
120586,2026-01-28,123.06
120586,2026-01-29,123.52
120586,2026-01-30,123.16
120586,2026-02-02,122.4
120586,2026-02-03,125.27
120586,2026-02-04,125.96
120586,2026-02-05,125.4
120586,2026-02-06,125.45
120586,2026-02-09,125.85
120586,2026-02-10,126.22
120586,2026-02-11,126.26
120586,2026-02-12,125.72
120586,2026-02-13,124.37
120586,2026-02-16,125.24
120586,2026-02-17,125.61
120586,2026-02-18,126.11
120586,2026-02-19,124.31
120586,2026-02-20,125.0
120586,2026-02-23,125.7
120586,2026-02-24,124.43
120586,2026-02-25,125.07
120586,2026-02-26,125.1
120586,2026-02-27,123.6
120586,2026-03-02,121.81
120586,2026-03-04,119.86
120586,2026-03-05,121.28
120586,2026-03-06,119.96
120586,2026-03-09,117.9
120586,2026-03-10,119.24
120586,2026-03-11,117.57
120586,2026-03-12,116.41
120586,2026-03-13,113.97
120586,2026-03-16,114.81
120586,2026-03-17,115.81
120586,2026-03-18,116.79
120586,2026-03-19,113.14
120586,2026-03-20,113.6
120586,2026-03-23,110.63
120586,2026-03-24,112.73
120586,2026-03-25,114.56
120586,2026-03-27,112.42
120586,2026-03-30,110.11
120586,2026-03-31,110.11
120586,2026-04-01,111.57
120586,2026-04-02,111.56
120586,2026-04-06,112.85
120586,2026-04-07,113.46
120586,2026-04-08,117.83
120586,2026-04-09,116.82
120586,2026-04-10,118.35
120586,2026-04-13,117.54
120586,2026-04-15,119.57
120586,2026-04-16,119.47
120586,2026-04-17,120.2
120586,2026-04-20,120.22
120586,2026-04-21,121.04
120586,2026-04-22,120.32
120586,2026-04-23,119.17
120586,2026-04-24,117.64
120586,2026-04-27,118.64
120586,2026-04-28,117.92
120586,2026-04-29,118.51
120586,2026-04-30,117.64
120586,2026-05-04,118.34
120586,2026-05-05,117.94
120586,2026-05-06,119.39
120586,2026-05-07,119.66
120586,2026-05-08,119.11
120586,2026-05-11,117.55
120586,2026-05-12,115.45
120586,2026-05-13,115.52
120586,2026-05-14,116.71
120586,2026-05-15,116.51
120586,2026-05-18,116.33
120586,2026-05-19,116.35
120586,2026-05-20,116.53
120586,2026-05-21,116.62
120586,2026-05-22,117.1
120586,2026-05-25,118.45
120586,2026-05-26,117.98
120586,2026-05-27,118.19
120586,2026-05-29,116.43
120586,2026-06-01,115.36
120586,2026-06-02,115.49
120586,2026-06-03,115.33
120586,2026-06-04,115.36
120586,2026-06-05,115.23
120586,2026-06-08,114.11
120586,2026-06-09,114.77
120586,2026-06-10,114.62
120586,2026-06-11,114.42
120586,2026-06-12,116.65
120586,2026-06-15,118.23
120586,2026-06-16,118.7
120586,2026-06-17,119.14
120586,2026-06-18,119.66
120586,2026-06-19,119.13
120586,2026-06-22,119.65
120586,2026-06-23,118.76
120586,2026-06-24,119.42
120586,2026-06-25,119.69
120586,2026-06-29,118.91
120586,2026-06-30,118.73
120586,2026-07-01,119.52
120586,2026-07-02,120.2
120586,2026-07-03,120.55
120586,2026-07-06,121.35
120586,2026-07-07,121.15
120586,2026-07-08,118.77
120586,2026-07-09,119.21
120586,2026-07-10,120.45
120586,2026-07-13,120.31
120586,2026-07-14,119.55
120586,2026-07-15,119.83
120586,2026-07-16,119.7
120586,2026-07-17,120.56
120586,2026-07-20,120.14
120586,2026-07-21,120.09
120586,2026-07-22,119.04
120586,2026-07-23,118.67
120586,2026-07-24,118.38
120586,2026-07-27,119.44
120586,2026-07-28,119.38
120586,2026-07-29,120.4
120586,2026-07-30,120.83
120586,2026-07-31,121.2
120586,2026-08-03,122.92
120586,2026-08-04,122.14
120586,2026-08-05,122.27
120586,2026-08-06,122.08
120586,2026-08-07,121.83
120586,2026-08-10,122.07
120586,2026-08-11,121.67
120586,2026-08-12,121.76
120586,2026-08-13,121.43
120586,2026-08-14,121.26
120586,2026-08-17,121.03
120586,2026-08-18,120.46
120586,2026-08-19,120.05
120586,2026-08-20,120.79
120586,2026-08-21,120.83
120586,2026-08-24,120.78
120586,2026-08-25,121.21
120586,2026-08-26,120.79
120586,2026-08-27,120.26
120586,2026-08-28,120.41
